,alpha
10601,1
10602,1
10603,0
10604,1
10605,1
10606,1
10607,0
10608,-1
10609,0
10610,-1
10611,-1
10612,-1
10613,-1
10614,0
10615,-1
10616,0
10617,-1
10618,0
10619,-1
10620,0
10621,-1
10622,-1
10623,-1
10624,1
10625,1
10626,0
10627,-1
10628,-1
10629,-1
10630,0
10631,-1
10632,-1
10633,0
10634,-1
10635,-1
10636,-1
10637,-1
10638,-1
10639,1
10640,-1
10641,0
10642,1
10643,-1
10644,1
10645,-1
10646,-1
10647,1
10648,-1
10649,-1
10650,0
10651,-1
10652,-1
10653,-1
10654,1
10655,0
10656,0
10657,1
10658,0
10659,0
10660,-1
10661,1
10662,-1
10663,1
10664,-1
10665,0
10666,-1
10667,-1
10668,1
10669,-1
10670,0
10671,1
10672,1
10673,1
10674,1
10675,0
10676,-1
10677,1
10678,-1
10679,-1
10680,-1
10681,1
10682,1
10683,-1
10684,0
10685,0
10686,1
10687,0
10688,-1
10689,0
10690,-1
10691,0
10692,1
10693,-1
10694,1
10695,0
10696,-1
10697,0
10698,0
10699,0
10700,0
10701,0
10702,0
10703,-1
10704,1
10705,0
10706,0
10707,0
10708,1
10709,-1
10710,1
10711,1
10712,-1
10713,-1
10714,0
10715,-1
10716,0
10717,-1
10718,0
10719,0
10720,0
10721,1
10722,-1
10723,1
10724,1
10725,1
10726,-1
10727,-1
10728,1
10729,0
10730,-1
10731,1
10732,1
10733,-1
10734,1
10735,-1
10736,1
10737,0
10738,-1
10739,-1
10740,1
10741,-1
10742,-1
10743,0
10744,0
10745,1
10746,1
10747,0
10748,1
10749,-1
10750,-1
10751,-1
10752,-1
10753,1
10754,-1
10755,1
10756,-1
10757,-1
10758,-1
10759,-1
10760,-1
10761,-1
10762,-1
10763,0
10764,-1
10765,-1
10766,-1
10767,-1
10768,1
10769,1
10770,-1
10771,-1
10772,1
10773,-1
10774,0
10775,1
10776,1
10777,1
10778,0
10779,0
10780,-1
10781,-1
10782,-1
10783,-1
10784,1
10785,-1
10786,1
10787,0
10788,1
10789,0
10790,-1
10791,-1
10792,0
10793,-1
10794,-1
10795,-1
10796,-1
10797,1
10798,-1
10799,-1
10800,-1
10801,1
10802,0
10803,-1
10804,-1
10805,1
10806,0
10807,-1
10808,-1
10809,0
10810,-1
10811,0
10812,1
10813,-1
10814,-1
10815,0
10816,1
10817,-1
10818,1
10819,1
10820,0
10821,0
10822,0
10823,-1
10824,0
10825,1
10826,-1
10827,-1
10828,-1
10829,0
10830,-1
10831,0
10832,0
10833,1
10834,0
10835,0
10836,1
10837,1
10838,-1
10839,1
10840,-1
10841,-1
10842,-1
10843,1
10844,-1
10845,1
10846,0
10847,1
10848,1
10849,0
10850,-1
10851,-1
10852,0
10853,1
10854,1
10855,0
10856,1
10857,1
10858,0
10859,-1
10860,1
10861,-1
10862,1
10863,1
10864,1
10865,0
10866,1
10867,1
10868,0
10869,-1
10870,0
10871,0
10872,-1
10873,0
10874,1
10875,-1
10876,-1
10877,1
10878,0
10879,-1
10880,0
10881,1
10882,1
10883,0
10884,-1
10885,-1
10886,-1
10887,-1
10888,-1
10889,0
10890,-1
10891,-1
10892,-1
10893,-1
10894,0
10895,1
10896,1
10897,-1
10898,-1
10899,-1
10900,0
10901,0
10902,1
10903,1
10904,0
10905,1
10906,1
10907,-1
10908,1
10909,1
10910,-1
10911,0
10912,0
10913,-1
10914,-1
10915,-1
10916,-1
10917,-1
10918,-1
10919,0
10920,1
10921,-1
10922,0
10923,0
10924,1
10925,1
10926,-1
10927,-1
10928,1
10929,-1
10930,-1
10931,0
10932,0
10933,0
10934,-1
10935,-1
10936,-1
10937,-1
10938,-1
10939,1
10940,-1
10941,1
10942,0
10943,-1
10944,1
10945,1
10946,1
10947,1
10948,-1
10949,-1
10950,-1
10951,0
10952,1
10953,0
10954,-1
10955,0
10956,-1
10957,-1
10958,1
10959,1
10960,-1
10961,-1
10962,1
10963,-1
10964,1
10965,0
10966,-1
10967,-1
10968,0
10969,-1
10970,1
10971,1
10972,-1
10973,0
10974,-1
10975,-1
10976,-1
10977,-1
10978,0
10979,1
10980,-1
10981,-1
10982,-1
10983,1
10984,-1
10985,0
10986,-1
10987,-1
10988,-1
10989,0
10990,-1
10991,1
10992,-1
10993,-1
10994,0
10995,-1
10996,-1
10997,-1
10998,1
10999,1
11000,-1
11001,-1
11002,0
11003,-1
11004,-1
11005,-1
11006,0
11007,1
11008,-1
11009,1
11010,-1
11011,1
11012,-1
11013,-1
11014,0
11015,-1
11016,-1
11017,0
11018,-1
11019,0
11020,0
11021,1
11022,0
11023,1
11024,-1
11025,-1
11026,0
11027,0
11028,-1
11029,0
11030,-1
11031,-1
11032,-1
11033,0
11034,-1
11035,1
11036,-1
11037,0
11038,-1
11039,-1
11040,-1
11041,0
11042,-1
11043,-1
11044,-1
11045,-1
11046,-1
11047,-1
11048,-1
11049,0
11050,-1
11051,-1
11052,-1
11053,0
11054,-1
11055,0
11056,-1
11057,0
11058,0
11059,1
11060,-1
11061,0
11062,1
11063,0
11064,1
11065,-1
11066,-1
11067,0
11068,0
11069,-1
11070,-1
11071,-1
11072,1
11073,-1
11074,0
11075,1
11076,-1
11077,1
11078,0
11079,1
11080,-1
11081,-1
11082,0
11083,1
11084,1
11085,-1
11086,-1
11087,0
11088,0
11089,-1
11090,-1
11091,-1
11092,1
11093,-1
11094,-1
11095,-1
11096,1
11097,0
11098,-1
11099,-1
11100,1
11101,1
11102,-1
11103,1
11104,1
11105,-1
11106,0
11107,-1
11108,-1
11109,0
11110,-1
11111,1
11112,-1
11113,-1
11114,-1
11115,-1
11116,-1
11117,0
11118,-1
11119,-1
11120,-1
11121,-1
11122,0
11123,-1
11124,-1
11125,0
11126,0
11127,0
11128,0
11129,-1
11130,0
11131,1
11132,-1
11133,-1
11134,-1
11135,0
11136,-1
11137,-1
11138,1
11139,-1
11140,-1
11141,-1
11142,-1
11143,-1
11144,1
11145,-1
11146,-1
11147,-1
11148,1
11149,1
11150,0
11151,0
11152,0
11153,-1
11154,0
11155,-1
11156,-1
11157,0
11158,1
11159,-1
11160,1
11161,-1
11162,-1
11163,-1
11164,0
11165,1
11166,0
11167,-1
11168,0
11169,-1
11170,0
11171,-1
11172,-1
11173,1
11174,-1
11175,0
11176,0
11177,0
11178,1
11179,0
11180,-1
11181,-1
11182,-1
11183,0
11184,0
11185,0
11186,-1
11187,0
11188,1
11189,0
11190,-1
11191,0
11192,-1
11193,0
11194,-1
11195,-1
11196,-1
11197,0
11198,1
11199,0
11200,0
11201,1
11202,0
11203,0
11204,-1
11205,-1
11206,-1
11207,-1
11208,-1
11209,1
11210,-1
11211,-1
11212,-1
11213,0
11214,-1
11215,-1
11216,-1
11217,0
11218,1
11219,0
11220,-1
11221,-1
11222,0
11223,0
11224,0
11225,-1
11226,-1
11227,-1
11228,-1
11229,-1
11230,0
11231,0
11232,0
11233,0
11234,-1
11235,0
11236,-1
11237,-1
11238,0
11239,1
11240,0
11241,-1
11242,-1
11243,0
11244,1
11245,-1
11246,0
11247,-1
11248,0
11249,0
11250,0
11251,-1
11252,0
11253,0
11254,-1
11255,-1
11256,-1
11257,-1
11258,0
11259,0
11260,0
11261,0
11262,-1
11263,-1
11264,-1
11265,0
11266,0
11267,0
11268,0
11269,-1
11270,0
11271,-1
11272,-1
11273,0
11274,-1
11275,0
11276,-1
11277,0
11278,0
11279,0
11280,1
11281,-1
11282,-1
11283,0
11284,1
11285,-1
11286,-1
11287,-1
11288,-1
11289,1
11290,-1
11291,0
11292,1
11293,-1
11294,1
11295,-1
11296,0
11297,1
11298,1
11299,1
11300,1
11301,1
11302,-1
11303,1
11304,1
11305,-1
11306,-1
11307,0
11308,0
11309,1
11310,1
11311,-1
11312,-1
11313,0
11314,-1
11315,1
11316,-1
11317,1
11318,-1
11319,-1
11320,-1
11321,-1
11322,-1
11323,0
11324,1
11325,-1
11326,1
11327,1
11328,-1
11329,0
11330,-1
11331,1
11332,1
11333,1
11334,-1
11335,-1
11336,-1
11337,-1
11338,1
11339,-1
11340,1
11341,0
11342,1
11343,-1
11344,1
11345,-1
11346,1
11347,1
11348,1
11349,1
11350,1
11351,1
11352,1
11353,-1
11354,1
11355,0
11356,-1
11357,1
11358,0
11359,1
11360,-1
11361,1
11362,1
11363,0
11364,-1
11365,-1
11366,-1
11367,1
11368,-1
11369,0
11370,-1
11371,1
11372,1
11373,1
11374,1
11375,-1
11376,1
11377,1
11378,-1
11379,1
11380,-1
11381,-1
11382,-1
11383,0
11384,1
11385,1
11386,1
11387,1
11388,-1
11389,0
11390,1
11391,-1
11392,1
11393,-1
11394,-1
11395,-1
11396,1
11397,-1
11398,1
11399,-1
11400,0
11401,0
11402,0
11403,-1
11404,-1
11405,-1
11406,1
11407,0
11408,1
11409,1
11410,1
11411,1
11412,1
11413,-1
11414,0
11415,0
11416,1
11417,-1
11418,0
11419,-1
11420,-1
11421,1
11422,0
11423,-1
11424,-1
11425,1
11426,1
11427,-1
11428,1
11429,-1
11430,-1
11431,1
11432,-1
11433,-1
11434,1
11435,-1
11436,1
11437,1
11438,1
11439,-1
11440,1
11441,0
11442,1
11443,-1
11444,-1
11445,-1
11446,-1
11447,-1
11448,1
11449,1
11450,-1
11451,-1
11452,-1
11453,0
11454,1
11455,1
11456,-1
11457,1
11458,-1
11459,1
11460,1
11461,1
11462,-1
11463,1
11464,-1
11465,-1
11466,-1
11467,-1
11468,1
11469,-1
11470,1
11471,-1
11472,0
11473,-1
11474,1
11475,1
11476,-1
11477,1
11478,1
11479,0
11480,0
11481,0
11482,0
11483,1
11484,-1
11485,1
11486,0
11487,-1
11488,-1
11489,-1
11490,-1
11491,1
11492,1
11493,1
11494,1
11495,-1
11496,1
11497,1
11498,-1
11499,-1
11500,-1
11501,1
11502,-1
11503,1
11504,1
11505,-1
11506,-1
11507,-1
11508,-1
11509,0
11510,-1
11511,1
11512,-1
11513,-1
11514,-1
11515,-1
11516,1
11517,1
11518,-1
11519,1
11520,1
11521,1
11522,-1
11523,-1
11524,1
11525,1
11526,1
11527,1
11528,-1
11529,1
11530,1
11531,1
11532,1
11533,-1
11534,1
11535,1
11536,-1
11537,1
11538,1
11539,1
11540,0
11541,-1
11542,0
11543,1
11544,-1
11545,0
11546,-1
11547,1
11548,1
11549,1
11550,-1
11551,1
11552,-1
11553,-1
11554,1
11555,1
11556,0
11557,1
11558,-1
11559,0
11560,1
11561,0
11562,-1
11563,1
11564,-1
11565,-1
11566,1
11567,-1
11568,1
11569,-1
11570,1
11571,-1
11572,-1
11573,-1
11574,-1
11575,1
11576,1
11577,1
11578,1
11579,-1
11580,-1
11581,1
11582,-1
11583,-1
11584,0
11585,1
11586,1
11587,-1
11588,0
11589,-1
11590,1
11591,1
11592,-1
11593,-1
11594,-1
11595,1
11596,1
11597,-1
11598,0
11599,-1
11600,0
11601,-1
11602,1
11603,-1
11604,-1
11605,-1
11606,0
11607,1
11608,-1
11609,-1
11610,0
11611,-1
11612,-1
11613,-1
11614,-1
11615,1
11616,-1
11617,0
11618,1
11619,-1
11620,0
11621,-1
11622,1
11623,-1
11624,0
11625,-1
11626,-1
11627,1
11628,1
11629,-1
11630,-1
11631,1
11632,1
11633,-1
11634,1
11635,1
11636,1
11637,1
11638,1
11639,1
11640,-1
11641,-1
11642,1
11643,0
11644,0
11645,1
11646,-1
11647,1
11648,0
11649,0
11650,-1
11651,-1
11652,1
11653,-1
11654,-1
11655,-1
11656,-1
11657,-1
11658,1
11659,-1
11660,-1
11661,-1
11662,-1
11663,1
11664,-1
11665,-1
11666,-1
11667,-1
11668,-1
11669,0
11670,-1
11671,-1
11672,1
11673,-1
11674,-1
11675,-1
11676,1
11677,1
11678,-1
11679,1
11680,1
11681,1
11682,-1
11683,1
11684,-1
11685,-1
11686,-1
11687,-1
11688,1
11689,-1
11690,-1
11691,1
11692,-1
11693,-1
11694,1
11695,-1
11696,-1
11697,0
11698,-1
11699,1
11700,-1
11701,1
11702,-1
11703,-1
11704,1
11705,-1
11706,0
11707,-1
11708,0
11709,0
11710,-1
11711,-1
11712,-1
11713,-1
11714,-1
11715,1
11716,-1
11717,-1
11718,0
11719,-1
11720,0
11721,-1
11722,-1
11723,-1
11724,1
11725,1
11726,1
11727,1
11728,1
11729,1
11730,1
11731,-1
11732,1
11733,0
11734,-1
11735,-1
11736,0
11737,-1
11738,-1
11739,-1
11740,0
11741,-1
11742,-1
11743,-1
11744,1
11745,1
11746,1
11747,-1
11748,1
11749,1
11750,1
11751,-1
11752,0
11753,1
11754,-1
11755,-1
11756,0
11757,-1
11758,-1
11759,-1
11760,-1
11761,1
11762,-1
11763,1
11764,-1
11765,-1
11766,1
11767,1
11768,-1
11769,-1
11770,-1
11771,1
11772,1
11773,-1
11774,0
11775,-1
11776,1
11777,-1
11778,1
11779,-1
11780,-1
11781,-1
11782,1
11783,-1
11784,0
11785,0
11786,-1
11787,-1
11788,1
11789,1
11790,1
11791,1
11792,-1
11793,-1
11794,1
11795,1
11796,-1
11797,1
11798,0
11799,-1
11800,1
11801,-1
11802,-1
11803,1
11804,1
11805,1
11806,1
11807,0
11808,1
11809,1
11810,1
11811,-1
11812,-1
11813,-1
11814,-1
11815,-1
11816,1
11817,1
11818,-1
11819,1
11820,-1
11821,1
11822,0
11823,-1
11824,1
11825,-1
11826,1
11827,1
11828,1
11829,-1
11830,-1
11831,-1
11832,1
11833,1
11834,-1
11835,1
11836,-1
11837,-1
11838,1
11839,-1
11840,-1
11841,-1
11842,1
11843,1
11844,-1
11845,-1
11846,1
11847,1
11848,-1
11849,0
11850,1
11851,1
11852,0
11853,-1
11854,-1
11855,-1
11856,-1
11857,1
11858,1
11859,-1
11860,-1
11861,1
11862,-1
11863,1
11864,1
11865,-1
11866,1
11867,-1
11868,1
11869,-1
11870,-1
11871,1
11872,-1
11873,-1
11874,-1
11875,-1
11876,-1
11877,-1
11878,0
11879,1
11880,-1
11881,-1
11882,1
11883,-1
11884,-1
11885,-1
11886,1
11887,-1
11888,-1
11889,0
11890,-1
11891,-1
11892,-1
11893,-1
11894,-1
11895,0
11896,1
11897,-1
11898,-1
11899,-1
11900,-1
11901,-1
11902,-1
11903,0
11904,-1
11905,-1
11906,-1
11907,1
11908,-1
11909,1
11910,-1
11911,-1
11912,-1
11913,-1
11914,0
11915,-1
11916,-1
11917,0
11918,0
11919,-1
11920,0
11921,0
11922,-1
11923,-1
11924,1
11925,-1
11926,0
11927,-1
11928,-1
11929,-1
11930,1
11931,0
11932,0
11933,-1
11934,1
11935,1
11936,0
11937,0
11938,-1
11939,-1
11940,-1
11941,-1
11942,-1
11943,1
11944,-1
11945,1
11946,-1
11947,-1
11948,-1
11949,0
11950,-1
11951,1
11952,-1
11953,-1
11954,-1
11955,-1
11956,0
11957,-1
11958,0
11959,0
11960,0
11961,0
11962,0
11963,1
11964,0
11965,0
11966,0
11967,0
11968,1
11969,-1
11970,0
11971,-1
11972,0
11973,0
11974,1
11975,0
11976,1
11977,0
11978,0
11979,0
11980,0
11981,0
11982,0
11983,1
11984,-1
11985,0
11986,0
11987,-1
11988,-1
11989,1
11990,0
11991,-1
11992,0
11993,0
11994,-1
11995,0
11996,0
11997,0
11998,1
11999,0
12000,0
12001,-1
12002,0
12003,-1
12004,-1
12005,-1
12006,0
12007,0
12008,-1
12009,-1
12010,0
12011,0
12012,1
12013,-1
12014,0
12015,0
12016,-1
12017,-1
12018,1
12019,-1
12020,1
12021,0
12022,0
12023,-1
12024,-1
12025,0
12026,0
12027,1
12028,-1
12029,-1
12030,0
12031,0
12032,-1
12033,0
12034,-1
12035,-1
12036,0
12037,-1
12038,-1
12039,-1
12040,0
12041,1
12042,-1
12043,0
12044,0
12045,-1
12046,-1
12047,1
12048,-1
12049,-1
12050,1
12051,-1
12052,1
12053,0
12054,-1
12055,0
12056,0
12057,1
12058,-1
12059,0
12060,-1
12061,-1
12062,0
12063,0
12064,-1
12065,1
12066,-1
12067,0
12068,-1
12069,0
12070,0
12071,0
12072,-1
12073,1
12074,0
12075,0
12076,-1
12077,-1
12078,-1
12079,-1
12080,0
12081,-1
12082,0
12083,0
12084,-1
12085,-1
12086,-1
12087,-1
12088,0
12089,0
12090,-1
12091,-1
12092,0
12093,0
12094,0
12095,0
12096,0
12097,0
12098,0
12099,0
12100,-1
12101,0
12102,0
12103,-1
12104,0
12105,0
12106,1
12107,-1
12108,0
12109,0
12110,-1
12111,-1
12112,1
12113,-1
12114,0
12115,1
12116,-1
12117,-1
12118,-1
12119,-1
12120,1
12121,-1
12122,0
12123,-1
12124,1
12125,-1
12126,0
12127,0
12128,0
12129,0
12130,-1
12131,-1
12132,-1
12133,-1
12134,-1
12135,-1
12136,1
12137,-1
12138,-1
12139,1
12140,0
12141,-1
12142,1
12143,1
12144,1
12145,1
12146,-1
12147,-1
12148,0
12149,-1
12150,-1
12151,0
12152,-1
12153,-1
12154,-1
12155,-1
12156,-1
12157,-1
12158,1
12159,-1
12160,0
12161,1
12162,0
12163,0
12164,-1
12165,1
12166,1
12167,-1
12168,1
12169,0
12170,-1
12171,-1
12172,-1
12173,1
12174,-1
12175,1
12176,0
12177,1
12178,-1
12179,0
12180,-1
12181,-1
12182,0
12183,-1
12184,-1
12185,-1
12186,-1
12187,-1
12188,0
12189,0
12190,0
12191,1
12192,1
12193,0
12194,-1
12195,0
12196,1
12197,1
12198,-1
12199,1
12200,1
12201,1
12202,-1
12203,1
12204,-1
12205,-1
12206,0
12207,0
12208,-1
12209,-1
12210,-1
12211,-1
12212,1
12213,0
12214,-1
12215,-1
12216,-1
12217,0
12218,0
12219,-1
12220,-1
12221,0
12222,0
12223,0
12224,-1
12225,1
12226,0
12227,-1
12228,1
12229,0
12230,0
12231,1
12232,0
12233,-1
12234,1
12235,0
12236,-1
12237,-1
12238,0
12239,-1
12240,0
12241,-1
12242,0
12243,-1
12244,0
12245,-1
12246,-1
12247,1
12248,0
12249,1
12250,1
12251,1
12252,-1
12253,1
12254,-1
12255,0
12256,0
12257,1
12258,1
12259,-1
12260,1
12261,-1
12262,0
12263,0
12264,1
12265,-1
12266,-1
12267,0
12268,-1
12269,-1
12270,0
12271,1
12272,-1
12273,1
12274,-1
12275,-1
12276,0
12277,0
12278,0
12279,-1
12280,-1
12281,-1
12282,-1
12283,0
12284,-1
12285,1
12286,-1
12287,-1
12288,-1
12289,0
12290,1
12291,1
12292,-1
12293,-1
12294,1
12295,-1
12296,-1
12297,-1
12298,0
12299,0
12300,-1
12301,-1
12302,0
12303,0
12304,-1
12305,1
12306,1
12307,0
12308,1
12309,0
12310,1
12311,-1
12312,-1
12313,-1
12314,1
12315,-1
12316,-1
12317,1
12318,1
12319,-1
12320,-1
12321,-1
12322,1
12323,1
12324,1
12325,-1
12326,-1
12327,-1
12328,0
12329,0
12330,0
12331,0
12332,-1
12333,1
12334,1
12335,1
12336,0
12337,-1
12338,0
12339,1
12340,-1
12341,-1
12342,0
12343,1
12344,0
12345,1
12346,1
12347,1
12348,-1
12349,-1
12350,0
12351,-1
12352,-1
12353,-1
12354,0
12355,1
12356,-1
12357,0
12358,-1
12359,-1
12360,-1
12361,1
12362,1
12363,-1
12364,0
12365,-1
12366,1
12367,1
12368,0
12369,-1
12370,0
12371,0
12372,-1
12373,1
12374,0
12375,0
12376,0
12377,0
12378,-1
12379,0
12380,1
12381,-1
12382,-1
12383,-1
12384,0
12385,0
12386,-1
12387,-1
12388,1
12389,-1
12390,0
12391,1
12392,1
12393,-1
12394,1
12395,-1
12396,0
12397,-1
12398,0
12399,0
12400,0
12401,1
12402,0
12403,1
12404,1
12405,0
12406,-1
12407,1
12408,0
12409,-1
12410,-1
12411,-1
12412,-1
12413,0
12414,-1
12415,-1
12416,1
12417,1
12418,0
12419,1
12420,1
12421,1
12422,1
12423,1
12424,0
12425,0
12426,-1
12427,1
12428,1
12429,-1
12430,-1
12431,-1
12432,0
12433,1
12434,1
12435,-1
12436,-1
12437,0
12438,0
12439,-1
12440,0
12441,1
12442,1
12443,1
12444,-1
12445,-1
12446,-1
12447,1
12448,0
12449,-1
12450,1
12451,0
12452,1
12453,-1
12454,1
12455,0
12456,-1
12457,1
12458,1
12459,-1
12460,-1
12461,1
12462,-1
12463,-1
12464,0
12465,1
12466,-1
12467,-1
12468,-1
12469,1
12470,-1
12471,-1
12472,-1
12473,-1
12474,-1
12475,0
12476,-1
12477,0
12478,0
12479,-1
12480,0
12481,1
12482,0
12483,-1
12484,1
12485,-1
12486,-1
12487,-1
12488,-1
12489,-1
12490,-1
12491,0
12492,1
12493,-1
12494,-1
12495,0
12496,0
12497,0
12498,-1
12499,1
12500,1
12501,1
12502,1
12503,0
12504,-1
12505,-1
12506,0
12507,-1
12508,1
12509,0
12510,-1
12511,0
12512,0
12513,1
12514,0
12515,0
12516,0
12517,0
12518,-1
12519,1
12520,-1
12521,-1
12522,0
12523,-1
12524,-1
12525,1
12526,0
12527,1
12528,1
12529,-1
12530,1
12531,-1
12532,1
12533,0
12534,-1
12535,-1
12536,0
12537,1
12538,-1
12539,1
12540,1
12541,0
12542,1
12543,-1
12544,-1
12545,-1
12546,1
12547,-1
12548,1
12549,-1
12550,1
12551,1
12552,-1
12553,1
12554,0
12555,1
12556,-1
12557,-1
12558,1
12559,-1
12560,1
12561,0
12562,0
12563,-1
12564,1
12565,1
12566,1
12567,1
12568,1
12569,1
12570,1
12571,1
12572,0
12573,1
12574,1
12575,-1
12576,-1
12577,-1
12578,-1
12579,1
12580,1
12581,-1
12582,0
12583,-1
12584,0
12585,0
12586,1
12587,1
12588,0
12589,0
12590,-1
12591,-1
12592,0
12593,1
12594,1
12595,0
12596,-1
12597,0
12598,-1
12599,1
12600,-1
12601,0
12602,1
12603,-1
12604,1
12605,-1
12606,-1
12607,1
12608,-1
12609,1
12610,0
12611,1
12612,1
12613,1
12614,-1
12615,1
12616,1
12617,-1
12618,1
12619,-1
12620,-1
12621,0
12622,1
12623,-1
12624,1
12625,-1
12626,-1
12627,1
12628,-1
12629,1
12630,-1
12631,-1
12632,1
12633,1
12634,1
12635,1
12636,0
12637,0
12638,0
12639,-1
12640,-1
12641,1
12642,-1
12643,0
12644,-1
12645,0
12646,0
12647,-1
12648,1
12649,1
12650,0
12651,0
12652,1
12653,-1
12654,1
12655,-1
12656,0
12657,-1
12658,1
12659,0
12660,-1
12661,-1
12662,-1
12663,1
12664,1
12665,1
12666,-1
12667,1
12668,-1
12669,0
12670,0
12671,0
12672,0
12673,0
12674,-1
12675,1
12676,0
12677,-1
12678,-1
12679,0
12680,0
12681,-1
12682,0
12683,-1
12684,0
12685,0
12686,1
12687,-1
12688,0
12689,0
12690,0
12691,1
12692,-1
12693,0
12694,0
12695,0
12696,-1
12697,0
12698,0
12699,-1
12700,-1
12701,1
12702,1
12703,-1
12704,-1
12705,1
12706,1
12707,1
12708,-1
12709,-1
12710,1
12711,1
12712,-1
12713,0
12714,0
12715,1
12716,0
12717,1
12718,1
12719,1
12720,-1
12721,-1
12722,-1
12723,1
12724,1
12725,-1
12726,1
12727,1
12728,1
12729,-1
12730,0
12731,1
12732,-1
12733,1
12734,1
12735,1
12736,1
12737,-1
12738,1
12739,-1
12740,1
12741,0
12742,-1
12743,-1
12744,1
12745,0
12746,-1
12747,-1
12748,-1
12749,0
12750,1
12751,-1
12752,-1
12753,-1
12754,-1
12755,1
12756,1
12757,-1
12758,1
12759,-1
12760,1
12761,-1
12762,-1
12763,1
12764,1
12765,-1
12766,1
12767,1
12768,1
12769,1
12770,1
12771,1
12772,1
12773,-1
12774,0
12775,-1
12776,1
12777,-1
12778,0
12779,1
12780,1
12781,1
12782,-1
12783,1
12784,0
12785,1
12786,-1
12787,-1
12788,-1
12789,-1
12790,1
12791,0
12792,1
12793,-1
12794,1
12795,1
12796,-1
12797,-1
12798,-1
12799,-1
12800,1
12801,1
12802,0
12803,-1
12804,1
12805,0
12806,-1
12807,1
12808,-1
12809,-1
12810,-1
12811,1
12812,-1
12813,-1
12814,1
12815,1
12816,0
12817,-1
12818,-1
12819,1
12820,1
12821,1
12822,1
12823,1
12824,1
12825,0
12826,1
12827,0
12828,1
12829,1
12830,1
12831,-1
12832,1
12833,1
12834,-1
12835,0
12836,-1
12837,1
12838,1
12839,-1
12840,-1
12841,-1
12842,1
12843,1
12844,1
12845,-1
12846,1
12847,-1
12848,-1
12849,1
12850,1
12851,1
12852,1
12853,0
12854,1
12855,-1
12856,1
12857,1
12858,1
12859,-1
12860,-1
12861,1
12862,1
12863,-1
12864,1
12865,1
12866,1
12867,1
12868,1
12869,-1
12870,0
12871,-1
12872,1
12873,-1
12874,1
12875,-1
12876,1
12877,-1
12878,-1
12879,1
12880,-1
12881,-1
12882,-1
12883,1
12884,0
12885,1
12886,-1
12887,1
12888,1
12889,1
12890,1
12891,-1
12892,1
12893,-1
12894,1
12895,-1
12896,-1
12897,-1
12898,-1
12899,-1
12900,1
12901,-1
12902,1
12903,-1
12904,-1
12905,-1
12906,-1
12907,1
12908,-1
12909,1
12910,-1
12911,1
12912,0
12913,0
12914,1
12915,1
12916,1
12917,1
12918,1
12919,1
12920,1
12921,-1
12922,-1
12923,-1
12924,-1
12925,1
12926,1
12927,-1
12928,0
12929,0
12930,1
12931,-1
12932,0
12933,1
12934,-1
12935,0
12936,-1
12937,1
12938,1
12939,-1
12940,-1
12941,1
12942,-1
12943,-1
12944,1
12945,1
12946,1
12947,-1
12948,1
12949,-1
12950,0
12951,-1
12952,-1
12953,1
12954,-1
12955,-1
12956,-1
12957,1
12958,-1
12959,-1
12960,1
12961,1
12962,1
12963,1
12964,-1
12965,1
12966,1
12967,1
12968,-1
12969,-1
12970,-1
12971,1
12972,-1
12973,1
12974,-1
12975,1
12976,1
12977,-1
12978,1
12979,1
12980,1
12981,-1
12982,1
12983,-1
12984,-1
12985,-1
12986,1
12987,1
12988,1
12989,1
12990,1
12991,-1
12992,1
12993,1
12994,1
12995,-1
12996,-1
12997,0
12998,-1
12999,1
13000,1
13001,-1
13002,1
13003,-1
13004,-1
13005,1
13006,1
13007,1
13008,-1
13009,-1
13010,1
13011,-1
13012,-1
13013,1
13014,1
13015,1
13016,1
13017,-1
13018,1
13019,1
13020,-1
13021,-1
13022,-1
13023,1
13024,1
13025,-1
13026,1
13027,-1
13028,-1
13029,1
13030,-1
13031,-1
13032,-1
13033,1
13034,1
13035,-1
13036,1
13037,1
13038,-1
13039,1
13040,-1
13041,1
13042,1
13043,-1
13044,1
13045,-1
13046,1
13047,0
13048,1
13049,-1
13050,-1
13051,-1
13052,1
13053,-1
13054,0
13055,1
13056,1
13057,-1
13058,1
13059,-1
13060,1
13061,-1
13062,1
13063,-1
13064,1
13065,1
13066,-1
13067,-1
13068,-1
13069,-1
13070,-1
13071,-1
13072,1
13073,1
13074,1
13075,0
13076,0
13077,0
13078,-1
13079,-1
13080,-1
13081,0
13082,-1
13083,-1
13084,0
13085,-1
13086,0
13087,-1
13088,0
13089,0
13090,0
13091,1
13092,1
13093,-1
13094,-1
13095,0
13096,0
13097,-1
13098,1
13099,0
13100,0
13101,0
13102,0
13103,1
13104,0
13105,-1
13106,1
13107,0
13108,0
13109,-1
13110,0
13111,-1
13112,-1
13113,0
13114,0
13115,0
13116,0
13117,0
13118,0
13119,-1
13120,0
13121,1
13122,0
13123,-1
13124,-1
13125,-1
13126,0
13127,0
13128,0
13129,0
13130,-1
13131,-1
13132,0
13133,0
13134,1
13135,-1
13136,0
13137,0
13138,-1
13139,0
13140,0
13141,0
13142,-1
13143,0
13144,-1
13145,0
13146,0
13147,-1
13148,0
13149,-1
13150,0
13151,0
13152,1
13153,1
13154,0
13155,0
13156,0
13157,0
13158,0
13159,0
13160,0
13161,-1
13162,0
13163,-1
13164,-1
13165,-1
13166,0
13167,0
13168,0
13169,1
13170,1
13171,1
13172,0
13173,1
13174,0
13175,-1
13176,-1
13177,0
13178,-1
13179,1
13180,-1
13181,0
13182,1
13183,-1
13184,-1
13185,0
13186,0
13187,-1
13188,-1
13189,-1
13190,-1
13191,-1
13192,0
13193,1
13194,1
13195,0
13196,0
13197,-1
13198,0
13199,-1
13200,-1
13201,0
13202,-1
13203,-1
13204,-1
13205,1
13206,0
13207,-1
13208,-1
13209,-1
13210,1
13211,0
13212,-1
13213,-1
13214,-1
13215,-1
13216,1
13217,0
13218,-1
13219,1
13220,-1
13221,1
13222,1
13223,0
13224,0
13225,1
13226,-1
13227,0
13228,-1
13229,-1
13230,-1
13231,1
13232,-1
13233,1
13234,0
13235,0
13236,-1
13237,-1
13238,-1
13239,1
13240,1
13241,-1
13242,-1
13243,0
13244,-1
13245,0
13246,-1
13247,1
13248,0
13249,0
13250,-1
13251,-1
13252,1
13253,-1
13254,0
13255,-1
13256,0
13257,-1
13258,0
13259,-1
13260,-1
13261,0
13262,-1
13263,-1
13264,-1
13265,1
13266,1
13267,-1
13268,-1
13269,-1
13270,-1
13271,-1
13272,-1
13273,-1
13274,0
13275,-1
13276,0
13277,-1
13278,0
13279,1
13280,-1
13281,0
13282,-1
13283,0
13284,0
13285,-1
13286,-1
13287,-1
13288,-1
13289,0
13290,0
13291,0
13292,-1
13293,-1
13294,-1
13295,1
13296,-1
13297,1
13298,0
13299,0
13300,-1
13301,-1
13302,-1
13303,0
13304,-1
13305,-1
13306,1
13307,1
13308,-1
13309,1
13310,-1
13311,-1
13312,1
13313,-1
13314,0
13315,0
13316,-1
13317,1
13318,-1
13319,1
13320,-1
13321,0
13322,1
13323,1
13324,1
13325,0
13326,-1
13327,-1
13328,-1
13329,0
13330,-1
13331,1
13332,0
13333,0
13334,0
13335,-1
13336,-1
13337,0
13338,-1
13339,0
13340,0
13341,0
13342,-1
13343,0
13344,-1
13345,0
13346,0
13347,-1
13348,0
13349,0
13350,0
13351,1
13352,0
13353,0
13354,0
13355,1
13356,1
13357,1
13358,0
13359,-1
13360,1
13361,1
13362,1
13363,-1
13364,-1
13365,-1
13366,0
13367,0
13368,1
13369,-1
13370,-1
13371,-1
13372,0
13373,0
13374,0
13375,0
13376,-1
13377,-1
13378,0
13379,0
13380,1
13381,1
13382,1
13383,0
13384,0
13385,1
13386,1
13387,0
13388,0
13389,0
13390,0
13391,-1
13392,-1
13393,-1
13394,1
13395,1
13396,1
13397,1
13398,-1
13399,0
13400,-1
13401,-1
13402,-1
13403,0
13404,-1
13405,-1
13406,-1
13407,0
13408,1
13409,0
13410,-1
13411,1
13412,-1
13413,-1
13414,0
13415,-1
13416,0
13417,0
13418,0
13419,-1
13420,0
13421,1
13422,-1
13423,-1
13424,1
13425,0
13426,-1
13427,-1
13428,1
13429,-1
13430,0
13431,-1
13432,-1
13433,-1
13434,-1
13435,0
13436,0
13437,0
13438,-1
13439,-1
13440,-1
13441,-1
13442,1
13443,-1
13444,0
13445,-1
13446,1
13447,-1
13448,-1
13449,0
13450,0
13451,0
13452,0
13453,-1
13454,1
13455,-1
13456,-1
13457,0
13458,-1
13459,-1
13460,1
13461,1
13462,-1
13463,0
13464,0
13465,0
13466,0
13467,1
13468,1
13469,1
13470,0
13471,-1
13472,0
13473,1
13474,1
13475,-1
13476,0
13477,0
13478,1
13479,-1
13480,-1
13481,-1
13482,-1
13483,1
13484,-1
13485,1
13486,-1
13487,1
13488,1
13489,-1
13490,1
13491,1
13492,0
13493,1
13494,1
13495,-1
13496,0
13497,0
13498,1
13499,1
13500,-1
13501,1
13502,1
13503,1
13504,-1
13505,-1
13506,1
13507,0
13508,1
13509,-1
13510,0
13511,-1
13512,-1
13513,0
13514,1
13515,0
13516,0
13517,1
13518,-1
13519,1
13520,-1
13521,1
13522,0
13523,1
13524,0
13525,0
13526,1
13527,1
13528,1
13529,-1
13530,0
13531,-1
13532,0
13533,-1
13534,-1
13535,1
13536,-1
13537,1
13538,-1
13539,0
13540,-1
13541,1
13542,-1
13543,-1
13544,1
13545,1
13546,1
13547,1
13548,1
13549,0
13550,0
13551,1
13552,0
13553,-1
13554,0
13555,0
13556,1
13557,-1
13558,0
13559,1
13560,1
13561,-1
13562,1
13563,0
13564,-1
13565,1
13566,1
13567,0
13568,1
13569,1
13570,0
13571,-1
13572,-1
13573,1
13574,1
13575,0
13576,-1
13577,0
13578,1
13579,0
13580,0
13581,-1
13582,1
13583,-1
13584,1
13585,1
13586,-1
13587,1
13588,-1
13589,1
13590,1
13591,-1
13592,1
13593,-1
13594,-1
13595,1
13596,0
13597,1
13598,1
13599,1
13600,-1
13601,-1
13602,0
13603,1
13604,1
13605,-1
13606,1
13607,-1
13608,-1
13609,0
13610,0
13611,-1
13612,-1
13613,-1
13614,-1
13615,1
13616,-1
13617,1
13618,1
13619,1
13620,1
13621,1
13622,1
13623,0
13624,0
13625,1
13626,1
13627,1
13628,-1
13629,-1
13630,0
13631,-1
13632,-1
13633,1
13634,0
13635,0
13636,-1
13637,1
13638,1
13639,0
13640,0
13641,-1
13642,-1
13643,1
13644,-1
13645,0
13646,-1
13647,0
13648,0
13649,0
13650,1
13651,0
13652,0
13653,-1
13654,0
13655,1
13656,-1
13657,1
13658,0
13659,-1
13660,0
13661,1
13662,0
13663,0
13664,0
13665,0
13666,-1
13667,0
13668,0
13669,-1
13670,0
13671,0
13672,0
13673,-1
13674,-1
13675,-1
13676,1
13677,0
13678,-1
13679,-1
13680,-1
13681,1
13682,-1
13683,1
13684,0
13685,-1
13686,1
13687,-1
13688,-1
13689,1
13690,-1
13691,1
13692,0
13693,1
13694,-1
13695,-1
13696,0
13697,-1
13698,-1
13699,-1
13700,1
13701,-1
13702,-1
13703,1
13704,1
13705,0
13706,1
13707,-1
13708,0
13709,1
13710,1
13711,1
13712,1
13713,-1
13714,-1
13715,-1
13716,-1
13717,1
13718,1
13719,-1
13720,-1
13721,0
13722,1
13723,1
13724,1
13725,0
13726,-1
13727,1
13728,0
13729,1
13730,-1
13731,-1
13732,0
13733,-1
13734,-1
13735,1
13736,-1
13737,1
13738,-1
13739,1
13740,1
13741,-1
13742,-1
13743,-1
13744,-1
13745,1
13746,1
13747,1
13748,-1
13749,-1
13750,1
13751,1
13752,1
13753,-1
13754,1
13755,1
13756,1
13757,1
13758,-1
13759,-1
13760,-1
13761,1
13762,-1
13763,-1
13764,-1
13765,-1
13766,-1
13767,-1
13768,1
13769,1
13770,1
13771,1
13772,1
13773,-1
13774,1
13775,1
13776,-1
13777,0
13778,-1
13779,-1
13780,1
13781,-1
13782,1
13783,1
13784,-1
13785,1
13786,1
13787,1
13788,1
13789,1
13790,1
13791,1
13792,-1
13793,1
13794,-1
13795,1
13796,-1
13797,1
13798,0
13799,-1
13800,-1
13801,-1
13802,-1
13803,1
13804,-1
13805,1
13806,0
13807,0
13808,-1
13809,-1
13810,1
13811,-1
13812,1
13813,-1
13814,1
13815,1
13816,1
13817,0
13818,1
13819,1
13820,-1
13821,1
13822,0
13823,1
13824,1
13825,-1
13826,1
13827,1
13828,1
13829,-1
13830,-1
13831,1
13832,-1
13833,-1
13834,-1
13835,1
13836,1
13837,1
13838,1
13839,-1
13840,-1
13841,1
13842,1
13843,1
13844,1
13845,-1
13846,-1
13847,0
13848,-1
13849,1
13850,-1
13851,1
13852,1
13853,-1
13854,1
13855,1
13856,1
13857,-1
13858,0
13859,1
13860,1
13861,-1
13862,1
13863,-1
13864,1
13865,0
13866,0
13867,-1
13868,0
13869,1
13870,-1
13871,0
13872,-1
13873,0
13874,-1
13875,-1
13876,1
13877,-1
13878,1
13879,0
13880,-1
13881,1
13882,1
13883,-1
13884,-1
13885,1
13886,0
13887,-1
13888,1
13889,-1
13890,0
13891,1
13892,1
13893,-1
13894,-1
13895,-1
13896,0
13897,1
13898,0
13899,1
13900,1
13901,1
13902,1
13903,-1
13904,-1
13905,1
13906,-1
13907,0
13908,-1
13909,1
13910,-1
13911,-1
13912,-1
13913,-1
13914,-1
13915,1
13916,1
13917,-1
13918,1
13919,0
13920,-1
13921,-1
13922,1
13923,1
13924,-1
13925,-1
13926,1
13927,1
13928,-1
13929,0
13930,1
13931,-1
13932,1
13933,1
13934,1
13935,1
13936,0
13937,-1
13938,-1
13939,1
13940,1
13941,1
13942,-1
13943,1
13944,1
13945,-1
13946,1
13947,-1
13948,1
13949,0
13950,-1
13951,1
13952,0
13953,1
13954,-1
13955,-1
13956,-1
13957,1
13958,-1
13959,-1
13960,-1
13961,-1
13962,1
13963,-1
13964,0
13965,-1
13966,1
13967,-1
13968,-1
13969,1
13970,1
13971,-1
13972,-1
13973,0
13974,-1
13975,1
13976,1
13977,1
13978,1
13979,0
13980,-1
13981,1
13982,-1
13983,1
13984,1
13985,-1
13986,1
13987,-1
13988,1
13989,0
13990,-1
13991,-1
13992,-1
13993,1
13994,1
13995,1
13996,-1
13997,1
13998,1
13999,0
14000,-1
14001,1
14002,1
14003,1
14004,-1
14005,0
14006,-1
14007,1
14008,-1
14009,1
14010,-1
14011,0
14012,1
14013,-1
14014,1
14015,-1
14016,-1
14017,1
14018,-1
14019,1
14020,0
14021,-1
14022,1
14023,-1
14024,1
14025,-1
14026,1
14027,-1
14028,-1
14029,1
14030,0
14031,0
14032,-1
14033,0
14034,1
14035,1
14036,-1
14037,1
14038,1
14039,-1
14040,1
14041,1
14042,1
14043,1
14044,1
14045,1
14046,-1
14047,1
14048,-1
14049,1
14050,-1
14051,1
14052,1
14053,-1
14054,-1
14055,-1
14056,-1
14057,-1
14058,1
14059,-1
14060,1
14061,-1
14062,1
14063,-1
14064,-1
14065,-1
14066,1
14067,1
14068,1
14069,-1
14070,-1
14071,-1
14072,-1
14073,-1
14074,-1
14075,1
14076,1
14077,-1
14078,0
14079,0
14080,-1
14081,-1
14082,-1
14083,-1
14084,1
14085,-1
14086,0
14087,-1
14088,-1
14089,1
14090,-1
14091,-1
14092,1
14093,-1
14094,-1
14095,1
14096,1
14097,1
14098,0
14099,-1
14100,-1
14101,-1
14102,1
14103,-1
14104,1
14105,-1
14106,-1
14107,-1
14108,-1
14109,1
14110,-1
14111,1
14112,0
14113,-1
14114,1
14115,1
14116,1
14117,1
14118,-1
14119,-1
14120,-1
14121,-1
14122,-1
14123,-1
14124,-1
14125,-1
14126,-1
14127,-1
14128,-1
14129,-1
14130,-1
14131,-1
14132,-1
14133,-1
14134,1
14135,-1
14136,-1
14137,-1
14138,0
14139,-1
14140,0
14141,-1
14142,0
14143,0
14144,-1
14145,-1
14146,1
14147,1
14148,-1
14149,0
14150,-1
14151,-1
14152,-1
14153,-1
14154,0
14155,0
14156,-1
14157,0
14158,-1
14159,1
14160,-1
14161,0
14162,0
14163,0
14164,1
14165,0
14166,0
14167,1
14168,0
14169,0
14170,0
14171,0
14172,0
14173,1
14174,0
14175,1
14176,0
14177,-1
14178,-1
14179,0
14180,-1
14181,0
14182,1
14183,0
14184,1
14185,-1
14186,-1
14187,1
14188,-1
14189,0
14190,-1
14191,-1
14192,0
14193,0
14194,-1
14195,0
14196,1
14197,0
14198,-1
14199,-1
14200,-1
14201,0
14202,-1
14203,0
14204,0
14205,1
14206,-1
14207,0
14208,0
14209,0
14210,0
14211,-1
14212,0
14213,1
14214,0
14215,0
14216,0
14217,0
14218,-1
14219,0
14220,0
14221,-1
14222,0
14223,0
14224,-1
14225,0
14226,0
14227,-1
14228,0
14229,-1
14230,0
14231,0
14232,0
14233,0
14234,1
14235,-1
14236,1
14237,-1
14238,-1
14239,-1
14240,0
14241,-1
14242,1
14243,0
14244,1
14245,0
14246,-1
14247,-1
14248,0
14249,0
14250,-1
14251,0
14252,-1
14253,0
14254,-1
14255,-1
14256,0
14257,0
14258,-1
14259,0
14260,0
14261,1
14262,-1
14263,0
14264,-1
14265,0
14266,-1
14267,-1
14268,0
14269,0
14270,0
14271,0
14272,-1
14273,-1
14274,-1
14275,1
14276,1
14277,-1
14278,1
14279,-1
14280,0
14281,-1
14282,-1
14283,-1
14284,0
14285,-1
14286,-1
14287,-1
14288,-1
14289,1
14290,-1
14291,-1
14292,-1
14293,-1
14294,-1
14295,0
14296,-1
14297,0
14298,0
14299,-1
14300,-1
14301,0
14302,-1
14303,0
14304,-1
14305,-1
14306,0
14307,-1
14308,0
14309,-1
14310,0
14311,1
14312,-1
14313,0
14314,1
14315,-1
14316,1
14317,-1
14318,-1
14319,-1
14320,1
14321,-1
14322,1
14323,1
14324,-1
14325,-1
14326,0
14327,-1
14328,0
14329,-1
14330,-1
14331,0
14332,1
14333,0
14334,-1
14335,-1
14336,0
14337,-1
14338,0
14339,-1
14340,0
14341,1
14342,-1
14343,1
14344,0
14345,1
14346,1
14347,-1
14348,1
14349,-1
14350,-1
14351,-1
14352,0
14353,-1
14354,-1
14355,-1
14356,0
14357,-1
14358,1
14359,-1
14360,-1
14361,-1
14362,0
14363,1
14364,0
14365,1
14366,1
14367,1
14368,0
14369,0
14370,1
14371,-1
14372,-1
14373,-1
14374,1
14375,-1
14376,0
14377,0
14378,0
14379,-1
14380,0
14381,0
14382,-1
14383,0
14384,1
14385,0
14386,1
14387,-1
14388,0
14389,-1
14390,0
14391,-1
14392,0
14393,0
14394,-1
14395,-1
14396,0
14397,1
14398,-1
14399,-1
14400,1
14401,-1
14402,0
14403,-1
14404,-1
14405,1
14406,0
14407,-1
14408,0
14409,-1
14410,0
14411,1
14412,0
14413,-1
14414,0
14415,0
14416,0
14417,0
14418,0
14419,-1
14420,-1
14421,0
14422,0
14423,0
14424,-1
14425,0
14426,-1
14427,0
14428,0
14429,1
14430,0
14431,0
14432,-1
14433,0
14434,0
14435,0
14436,-1
14437,0
14438,-1
14439,0
14440,-1
14441,1
14442,1
14443,-1
14444,0
14445,1
14446,1
14447,1
14448,1
14449,1
14450,0
14451,0
14452,0
14453,1
14454,-1
14455,0
14456,-1
14457,0
14458,0
14459,0
14460,0
14461,1
14462,1
14463,1
14464,0
14465,1
14466,0
14467,-1
14468,-1
14469,1
14470,0
14471,-1
14472,0
14473,-1
14474,1
14475,-1
14476,0
14477,0
14478,1
14479,-1
14480,-1
14481,0
14482,0
14483,1
14484,1
14485,1
14486,-1
14487,-1
14488,0
14489,0
14490,1
14491,1
14492,-1
14493,-1
14494,-1
14495,1
14496,-1
14497,0
14498,1
14499,-1
14500,-1
14501,1
14502,-1
14503,-1
14504,-1
14505,0
14506,0
14507,-1
14508,-1
14509,1
14510,-1
14511,0
14512,0
14513,-1
14514,0
14515,0
14516,0
14517,-1
14518,1
14519,0
14520,1
14521,0
14522,-1
14523,1
14524,-1
14525,-1
14526,0
14527,-1
14528,-1
14529,0
14530,-1
14531,0
14532,0
14533,0
14534,-1
14535,-1
14536,0
14537,-1
14538,1
14539,0
14540,-1
14541,-1
14542,1
14543,-1
14544,0
14545,1
14546,1
14547,1
14548,0
14549,-1
14550,-1
14551,-1
14552,-1
14553,0
14554,-1
14555,0
14556,1
14557,1
14558,1
14559,0
14560,1
14561,-1
14562,0
14563,1
14564,0
14565,1
14566,-1
14567,0
14568,1
14569,0
14570,-1
14571,0
14572,-1
14573,1
14574,-1
14575,-1
14576,-1
14577,1
14578,0
14579,-1
14580,0
14581,-1
14582,1
14583,-1
14584,0
14585,1
14586,-1
14587,-1
14588,1
14589,0
14590,0
14591,-1
14592,0
14593,0
14594,0
14595,1
14596,1
14597,-1
14598,1
14599,1
14600,0
14601,0
14602,0
14603,1
14604,0
14605,1
14606,1
14607,1
14608,0
14609,1
14610,1
14611,1
14612,1
14613,0
14614,0
14615,1
14616,-1
14617,-1
14618,0
14619,-1
14620,-1
14621,1
14622,0
14623,0
14624,-1
14625,-1
14626,1
14627,-1
14628,-1
14629,-1
14630,-1
14631,-1
14632,1
14633,-1
14634,1
14635,0
14636,-1
14637,-1
14638,-1
14639,0
14640,0
14641,1
14642,0
14643,1
14644,0
14645,1
14646,-1
14647,0
14648,1
14649,0
14650,1
14651,1
14652,-1
14653,1
14654,-1
14655,0
14656,0
14657,-1
14658,0
14659,1
14660,1
14661,0
14662,1
14663,0
14664,1
14665,1
14666,1
14667,1
14668,-1
14669,-1
14670,0
14671,0
14672,-1
14673,0
14674,-1
14675,1
14676,0
14677,1
14678,-1
14679,0
14680,-1
14681,-1
14682,1
14683,0
14684,1
14685,0
14686,-1
14687,1
14688,-1
14689,0
14690,1
14691,-1
14692,1
14693,-1
14694,1
14695,0
14696,-1
14697,1
14698,-1
14699,1
14700,-1
14701,-1
14702,0
14703,-1
14704,-1
14705,0
14706,-1
14707,1
14708,1
14709,-1
14710,-1
14711,-1
14712,-1
14713,-1
14714,1
14715,-1
14716,1
14717,0
14718,1
14719,1
14720,1
14721,-1
14722,-1
14723,1
14724,1
14725,0
14726,1
14727,0
14728,-1
14729,0
14730,-1
14731,1
14732,-1
14733,-1
14734,-1
14735,0
14736,-1
14737,1
14738,1
14739,1
14740,1
14741,0
14742,0
14743,-1
14744,1
14745,1
14746,1
14747,-1
14748,-1
14749,1
14750,0
14751,1
14752,-1
14753,1
14754,0
14755,-1
14756,0
14757,0
14758,1
14759,-1
14760,-1
14761,0
14762,1
14763,-1
14764,0
14765,0
14766,0
14767,0
14768,-1
14769,0
14770,-1
14771,-1
14772,-1
14773,-1
14774,-1
14775,-1
14776,1
14777,0
14778,-1
14779,1
14780,1
14781,1
14782,-1
14783,1
14784,0
14785,-1
14786,-1
14787,1
14788,-1
14789,-1
14790,-1
14791,0
14792,-1
14793,1
14794,1
14795,1
14796,1
14797,-1
14798,-1
14799,1
14800,1
14801,-1
14802,1
14803,1
14804,1
14805,0
14806,1
14807,-1
14808,-1
14809,-1
14810,1
14811,1
14812,1
14813,-1
14814,0
14815,1
14816,0
14817,-1
14818,-1
14819,0
14820,1
14821,1
14822,1
14823,0
14824,-1
14825,1
14826,0
14827,1
14828,-1
14829,1
14830,-1
14831,1
14832,-1
14833,-1
14834,-1
14835,1
14836,1
14837,-1
14838,1
14839,1
14840,1
14841,-1
14842,1
14843,0
14844,1
14845,-1
14846,1
14847,-1
14848,1
14849,0
14850,-1
14851,-1
14852,-1
14853,1
14854,1
14855,-1
14856,-1
14857,1
14858,1
14859,-1
14860,1
14861,-1
14862,-1
14863,1
14864,1
14865,1
14866,1
14867,1
14868,-1
14869,1
14870,1
14871,-1
14872,-1
14873,-1
14874,1
14875,1
14876,1
14877,0
14878,0
14879,-1
14880,1
14881,1
14882,-1
14883,1
14884,-1
14885,1
14886,-1
14887,1
14888,1
14889,1
14890,1
14891,-1
14892,1
14893,0
14894,-1
14895,-1
14896,1
14897,-1
14898,0
14899,1
14900,1
14901,1
14902,-1
14903,-1
14904,1
14905,-1
14906,-1
14907,-1
14908,1
14909,1
14910,0
14911,-1
14912,-1
14913,-1
14914,1
14915,-1
14916,1
14917,-1
14918,1
14919,1
14920,0
14921,-1
14922,1
14923,1
14924,0
14925,-1
14926,-1
14927,1
14928,1
14929,1
14930,-1
14931,0
14932,1
14933,1
14934,1
14935,-1
14936,1
14937,1
14938,0
14939,-1
14940,-1
14941,-1
14942,1
14943,1
14944,1
14945,0
14946,1
14947,1
14948,-1
14949,1
14950,1
14951,1
14952,-1
14953,1
14954,-1
14955,1
14956,1
14957,1
14958,1
14959,-1
14960,-1
14961,1
14962,1
14963,0
14964,1
14965,1
14966,1
14967,-1
14968,1
14969,0
14970,-1
14971,1
14972,1
14973,-1
14974,1
14975,1
14976,0
14977,1
14978,-1
14979,0
14980,0
14981,1
14982,0
14983,-1
14984,0
14985,0
14986,-1
14987,1
14988,-1
14989,-1
14990,1
14991,1
14992,-1
14993,-1
14994,-1
14995,-1
14996,1
14997,-1
14998,-1
14999,-1
15000,1
15001,0
15002,1
15003,1
15004,0
15005,1
15006,-1
15007,1
15008,1
15009,1
15010,-1
15011,-1
15012,0
15013,-1
15014,1
15015,-1
15016,-1
15017,1
15018,0
15019,-1
15020,-1
15021,-1
15022,-1
15023,-1
15024,-1
15025,-1
15026,-1
15027,-1
15028,-1
15029,-1
15030,1
15031,0
15032,-1
15033,-1
15034,1
15035,-1
15036,1
15037,0
15038,-1
15039,1
15040,1
15041,1
15042,0
15043,-1
15044,0
15045,1
15046,-1
15047,1
15048,-1
15049,-1
15050,0
15051,1
15052,1
15053,-1
15054,1
15055,-1
15056,-1
15057,1
15058,-1
15059,1
15060,-1
15061,1
15062,1
15063,-1
15064,1
15065,1
15066,-1
15067,0
15068,1
15069,1
15070,-1
15071,1
15072,-1
15073,-1
15074,-1
15075,-1
15076,1
15077,1
15078,-1
15079,-1
15080,1
15081,1
15082,1
15083,-1
15084,-1
15085,0
15086,-1
15087,1
15088,1
15089,0
15090,-1
15091,-1
15092,-1
15093,-1
15094,1
15095,1
15096,-1
15097,-1
15098,-1
15099,-1
15100,-1
15101,-1
15102,1
15103,1
15104,-1
15105,-1
15106,0
15107,-1
15108,1
15109,1
15110,1
15111,-1
15112,1
15113,-1
15114,1
15115,1
15116,-1
15117,-1
15118,1
15119,1
15120,-1
15121,-1
15122,-1
15123,1
15124,-1
15125,-1
15126,-1
15127,-1
15128,-1
15129,-1
15130,-1
15131,1
15132,-1
15133,1
15134,-1
15135,-1
15136,-1
15137,-1
15138,-1
15139,1
15140,1
15141,-1
15142,-1
15143,1
15144,-1
15145,1
15146,1
15147,1
15148,-1
15149,1
15150,-1
15151,0
15152,1
15153,1
15154,1
15155,-1
15156,-1
15157,-1
15158,-1
15159,-1
15160,-1
15161,-1
15162,-1
15163,1
15164,-1
15165,1
15166,-1
15167,1
15168,-1
15169,1
15170,-1
15171,-1
15172,1
15173,0
15174,-1
15175,0
15176,-1
15177,-1
15178,-1
15179,-1
15180,0
15181,-1
15182,-1
15183,-1
15184,1
15185,-1
15186,-1
15187,-1
15188,-1
15189,-1
15190,1
15191,-1
15192,-1
15193,-1
15194,0
15195,-1
15196,1
15197,1
15198,-1
15199,0
15200,-1
15201,-1
15202,0
15203,-1
15204,1
15205,0
15206,0
15207,0
15208,0
15209,0
15210,-1
15211,1
15212,-1
15213,1
15214,1
15215,-1
15216,0
15217,-1
15218,-1
15219,1
15220,0
15221,-1
15222,0
15223,-1
15224,0
15225,1
15226,0
15227,0
15228,-1
15229,0
15230,1
15231,-1
15232,-1
15233,-1
15234,0
15235,0
15236,-1
15237,0
15238,1
15239,1
15240,-1
15241,0
15242,-1
15243,-1
15244,1
15245,0
15246,-1
15247,-1
15248,-1
15249,0
15250,-1
15251,-1
15252,-1
15253,1
15254,0
15255,1
15256,-1
15257,0
15258,0
15259,0
15260,-1
15261,0
15262,-1
15263,-1
15264,1
15265,-1
15266,-1
15267,-1
15268,-1
15269,-1
15270,0
15271,1
15272,-1
15273,-1
15274,0
15275,-1
15276,1
15277,0
15278,-1
15279,-1
15280,-1
15281,0
15282,-1
15283,1
15284,-1
15285,-1
15286,-1
15287,-1
15288,-1
15289,-1
15290,0
15291,-1
15292,1
15293,1
15294,0
15295,-1
15296,1
15297,-1
15298,-1
15299,0
15300,1
15301,1
15302,-1
15303,-1
15304,0
15305,0
15306,1
15307,-1
15308,0
15309,0
15310,-1
15311,0
15312,0
15313,1
15314,-1
15315,-1
15316,-1
15317,-1
15318,0
15319,0
15320,0
15321,0
15322,0
15323,1
15324,0
15325,0
15326,1
15327,1
15328,-1
15329,0
15330,-1
15331,-1
15332,0
15333,1
15334,-1
15335,1
15336,-1
15337,-1
15338,1
15339,0
15340,-1
15341,1
15342,-1
15343,0
15344,-1
15345,1
15346,-1
15347,1
15348,1
15349,0
15350,-1
15351,-1
15352,-1
15353,1
15354,1
15355,0
15356,1
15357,1
15358,0
15359,-1
15360,1
15361,-1
15362,0
15363,1
15364,1
15365,1
15366,-1
15367,1
15368,1
15369,-1
15370,-1
15371,-1
15372,0
15373,0
15374,-1
15375,1
15376,-1
15377,0
15378,1
15379,-1
15380,1
15381,1
15382,1
15383,1
15384,-1
15385,0
15386,0
15387,-1
15388,0
15389,0
15390,1
15391,1
15392,-1
15393,0
15394,0
15395,-1
15396,-1
15397,0
15398,0
15399,-1
15400,1
15401,0
15402,0
15403,-1
15404,-1
15405,0
15406,-1
15407,0
15408,1
15409,1
15410,0
15411,0
15412,-1
15413,-1
15414,1
15415,-1
15416,-1
15417,0
15418,-1
15419,-1
15420,-1
15421,1
15422,-1
15423,0
15424,1
15425,1
15426,1
15427,-1
15428,-1
15429,1
15430,-1
15431,1
15432,1
15433,0
15434,1
15435,1
15436,-1
15437,1
15438,-1
15439,-1
15440,-1
15441,-1
15442,0
15443,-1
15444,-1
15445,0
15446,1
15447,1
15448,-1
15449,-1
15450,1
15451,0
15452,-1
15453,0
15454,1
15455,-1
15456,-1
15457,0
15458,-1
15459,-1
15460,-1
15461,0
15462,0
15463,0
15464,0
15465,1
15466,-1
15467,-1
15468,-1
15469,-1
15470,1
15471,1
15472,1
15473,1
15474,-1
15475,1
15476,1
15477,-1
15478,-1
15479,-1
15480,-1
15481,1
15482,-1
15483,1
15484,1
15485,1
15486,1
15487,1
15488,0
15489,-1
15490,-1
15491,-1
15492,1
15493,0
15494,0
15495,1
15496,1
15497,0
15498,-1
15499,0
15500,-1
15501,-1
15502,-1
15503,0
15504,-1
15505,-1
15506,-1
15507,0
15508,-1
15509,-1
15510,-1
15511,-1
15512,1
15513,-1
15514,-1
15515,1
15516,-1
15517,-1
15518,-1
15519,1
15520,-1
15521,-1
15522,1
15523,-1
15524,0
15525,1
15526,1
15527,0
15528,1
15529,-1
15530,-1
15531,-1
15532,-1
15533,1
15534,1
15535,-1
15536,-1
15537,1
15538,1
15539,-1
15540,1
15541,1
15542,1
15543,1
15544,1
15545,1
15546,-1
15547,-1
15548,0
15549,-1
15550,-1
15551,-1
15552,-1
15553,1
15554,-1
15555,-1
15556,-1
15557,1
15558,-1
15559,1
15560,-1
15561,-1
15562,-1
15563,1
15564,-1
15565,-1
15566,-1
15567,-1
15568,1
15569,-1
15570,-1
15571,-1
15572,-1
15573,-1
15574,-1
15575,1
15576,1
15577,-1
15578,-1
15579,1
15580,-1
15581,-1
15582,1
15583,-1
15584,-1
15585,1
15586,1
15587,1
15588,1
15589,1
15590,1
15591,-1
15592,-1
15593,-1
15594,1
15595,-1
15596,-1
15597,1
15598,-1
15599,1
15600,-1
15601,-1
15602,-1
15603,1
15604,-1
15605,1
15606,-1
15607,-1
15608,-1
15609,1
15610,0
15611,-1
15612,1
15613,-1
15614,-1
15615,-1
15616,1
15617,-1
15618,-1
15619,1
15620,-1
15621,1
15622,-1
15623,0
15624,1
15625,-1
15626,1
15627,-1
15628,-1
15629,-1
15630,-1
15631,-1
15632,1
15633,0
15634,-1
15635,-1
15636,-1
15637,-1
15638,-1
15639,0
15640,0
15641,1
15642,-1
15643,0
15644,-1
15645,0
15646,0
15647,-1
15648,0
15649,-1
15650,0
15651,1
15652,-1
15653,0
15654,0
15655,-1
15656,-1
15657,1
15658,0
15659,-1
15660,-1
15661,0
15662,0
15663,-1
15664,1
15665,0
15666,-1
15667,0
15668,1
15669,0
15670,-1
15671,0
15672,0
15673,-1
15674,0
15675,0
15676,0
15677,0
15678,1
15679,0
15680,-1
15681,-1
15682,1
15683,-1
15684,0
15685,0
15686,0
15687,1
15688,-1
15689,-1
15690,-1
15691,0
15692,0
15693,0
15694,0
15695,1
15696,1
15697,-1
15698,-1
15699,-1
15700,1
15701,0
15702,-1
15703,-1
15704,-1
15705,1
15706,-1
15707,1
15708,-1
15709,-1
15710,-1
15711,-1
15712,0
15713,-1
15714,0
15715,1
15716,1
15717,1
15718,-1
15719,-1
15720,1
15721,1
15722,1
15723,-1
15724,0
15725,0
15726,1
15727,-1
15728,0
15729,0
15730,1
15731,1
15732,-1
15733,0
15734,1
15735,-1
15736,1
15737,-1
15738,0
15739,1
15740,0
15741,0
15742,-1
15743,0
15744,-1
15745,1
15746,-1
15747,1
15748,0
15749,1
15750,1
15751,1
15752,-1
15753,1
15754,-1
15755,-1
15756,-1
15757,0
15758,-1
15759,1
15760,-1
15761,-1
15762,1
15763,0
15764,-1
15765,-1
15766,0
15767,0
15768,-1
15769,0
15770,1
15771,1
15772,0
15773,-1
15774,-1
15775,-1
15776,0
15777,0
15778,-1
15779,1
15780,-1
15781,-1
15782,0
15783,1
15784,1
15785,0
15786,-1
15787,-1
15788,1
15789,1
15790,0
15791,1
15792,-1
15793,-1
15794,-1
15795,-1
15796,1
15797,-1
15798,0
15799,0
15800,0
