Date,SPY,ret_mar
2017-11-01,257.489990234375,0.0
2017-11-02,257.5899963378906,0.0003883883153073115
2017-11-03,258.45001220703125,0.0033387005759824206
2017-11-06,258.8500061035156,0.0015476644518939318
2017-11-07,258.6700134277344,-0.0006953551150749052
2017-11-08,259.1099853515625,0.001700900378818133
2017-11-09,258.1700134277344,-0.003627694712547506
2017-11-10,258.0899963378906,-0.0003099395192391233
2017-11-13,258.3299865722656,0.000929870346701875
2017-11-14,257.7300109863281,-0.0023225162277847365
2017-11-15,256.44000244140625,-0.005005270980996879
2017-11-16,258.6199951171875,0.008500985240317
2017-11-17,257.8599853515625,-0.0029387123191330186
2017-11-20,258.29998779296875,0.0017063618490723064
2017-11-21,259.989990234375,0.006542789474542337
2017-11-22,259.760009765625,-0.0008845743197369941
2017-11-24,260.3599853515625,0.0023097303795100834
2017-11-27,260.2300109863281,-0.0004992102187241691
2017-11-28,262.8699951171875,0.010144810434635356
2017-11-29,262.7099914550781,-0.0006086798230358902
2017-11-30,265.010009765625,0.008754970824701827
2017-12-01,264.4599914550781,-0.002075462398696983
2017-12-04,264.1400146484375,-0.0012099251946583274
2017-12-05,263.19000244140625,-0.0035966235872883097
2017-12-06,263.239990234375,0.00018993044000551934
2017-12-07,264.07000732421875,0.0031530812970504466
2017-12-08,265.510009765625,0.005453108650988334
2017-12-11,266.30999755859375,0.0030130231009931688
2017-12-12,266.7799987792969,0.0017648651008669509
2017-12-13,266.75,-0.00011244763263415615
2017-12-14,265.6600036621094,-0.0040862093266752575
2017-12-15,266.510009765625,0.003199601339299612
2017-12-18,268.20001220703125,0.006341234398259475
2017-12-19,267.1700134277344,-0.003840412872545992
2017-12-20,267.0299987792969,-0.0005240657311842069
2017-12-21,267.5799865722656,0.0020596479627119375
2017-12-22,267.510009765625,-0.00026151734117725687
2017-12-26,267.19000244140625,-0.001196244299415636
2017-12-27,267.32000732421875,0.00048656342536996524
2017-12-28,267.8699951171875,0.0020574135040393664
2017-12-29,266.8599853515625,-0.003770522208667462
2018-01-02,268.7699890136719,0.007157325065401348
2018-01-03,270.4700012207031,0.006325156366117845
2018-01-04,271.6099853515625,0.004214826508353323
2018-01-05,273.4200134277344,0.006664070445823403
2018-01-08,273.9200134277344,0.0018286883748257561
2018-01-09,274.5400085449219,0.0022634166427969575
2018-01-10,274.1199951171875,-0.0015298805808321738
2018-01-11,276.1199951171875,0.0072960748417677124
2018-01-12,277.9200134277344,0.0065189712529979335
2018-01-16,276.9700012207031,-0.0034182936137424846
2018-01-17,279.6099853515625,0.009531660899101154
2018-01-18,279.1400146484375,-0.001680808010250746
2018-01-19,280.4100036621094,0.004549648731914558
2018-01-22,282.69000244140625,0.008130946647838732
2018-01-23,283.2900085449219,0.0021224878783606418
2018-01-24,283.17999267578125,-0.00038835068594796405
2018-01-25,283.29998779296875,0.0004237415081964669
2018-01-26,286.5799865722656,0.01157782887620118
2018-01-29,284.67999267578125,-0.0066298903814250194
2018-01-30,281.760009765625,-0.010257071045669811
2018-01-31,281.8999938964844,0.0004968204358589329
2018-02-01,281.5799865722656,-0.0011351803162374628
2018-02-02,275.45001220703125,-0.021769922073851502
2018-02-05,263.92999267578125,-0.041822541371286735
2018-02-06,269.1300048828125,0.019702240561265374
2018-02-07,267.6700134277344,-0.0054248557521999466
2018-02-08,257.6300048828125,-0.03750890290754395
2018-02-09,261.5,0.015021523284711479
2018-02-12,265.3399963378906,0.014684498424055926
2018-02-13,266.0,0.00248738852498102
2018-02-14,269.5899963378906,0.013496226834175283
2018-02-15,273.0299987792969,0.012760126444360802
2018-02-16,273.1099853515625,0.00029295891522265267
2018-02-20,271.3999938964844,-0.0062611824788351405
2018-02-21,270.04998779296875,-0.004974230412217826
2018-02-22,270.3999938964844,0.0012960789458874326
2018-02-23,274.7099914550781,0.01593934044334232
2018-02-26,277.8999938964844,0.011612254889272545
2018-02-27,274.42999267578125,-0.012486510604227195
2018-02-28,271.6499938964844,-0.010130083640607163
2018-03-01,267.70001220703125,-0.014540702294137783
2018-03-02,269.0799865722656,0.005154928286544656
2018-03-05,272.19000244140625,0.011557960548304776
2018-03-06,272.8800048828125,0.0025350028848131014
2018-03-07,272.7799987792969,-0.0003664838087296734
2018-03-08,274.1000061035156,0.004839091319472996
2018-03-09,278.8699951171875,0.017402367411369038
2018-03-12,278.5199890136719,-0.0012550869926631744
2018-03-13,276.7200012207031,-0.006462688007934658
2018-03-14,275.29998779296875,-0.005131589409765206
2018-03-15,275.0,-0.0010896760126060993
2018-03-16,274.20001220703125,-0.0029090465198863638
2018-03-19,270.489990234375,-0.013530349407333523
2018-03-20,270.95001220703125,0.001700698692242359
2018-03-21,270.42999267578125,-0.0019192452770685105
2018-03-22,263.6700134277344,-0.02499715057919415
2018-03-23,258.04998779296875,-0.021314618077743375
2018-03-26,265.1099853515625,0.027359030779175716
2018-03-27,260.6000061035156,-0.017011729083181038
2018-03-28,259.8299865722656,-0.0029547947552393096
2018-03-29,263.1499938964844,0.012777614193099947
2018-04-02,257.4700012207031,-0.02158462020719482
2018-04-03,260.7699890136719,0.012816979754235533
2018-04-04,263.55999755859375,0.010699116702327269
2018-04-05,265.6400146484375,0.007892006029410164
2018-04-06,259.7200012207031,-0.022285849650961826
2018-04-09,261.0,0.004928379690746906
2018-04-10,265.1499938964844,0.015900359756645114
2018-04-11,263.760009765625,-0.005242255941374943
2018-04-12,265.92999267578125,0.008227111123041279
2018-04-13,265.1499938964844,-0.002933098186663888
2018-04-16,267.3299865722656,0.008221733833538492
2018-04-17,270.19000244140625,0.010698447659434177
2018-04-18,270.3900146484375,0.0007402650180390183
2018-04-19,268.8900146484375,-0.005547542138160345
2018-04-20,266.6099853515625,-0.008479412297463122
2018-04-23,266.57000732421875,-0.00014994947503947908
2018-04-24,262.9800109863281,-0.013467367818031576
2018-04-25,263.6300048828125,0.002471647537189308
2018-04-26,266.30999755859375,0.01016573465138214
2018-04-27,266.55999755859375,0.0009387555942018091
2018-04-30,264.510009765625,-0.00769053050624422
2018-05-01,264.9800109863281,0.0017768749890394698
2018-05-02,263.20001220703125,-0.006717483227022417
2018-05-03,262.6199951171875,-0.002203712245224034
2018-05-04,266.0199890136719,0.012946439569337491
2018-05-07,266.9200134277344,0.0033832961853714084
2018-05-08,266.9200134277344,0.0
2018-05-09,269.5,0.009665766680939148
2018-05-10,272.0199890136719,0.009350608585053339
2018-05-11,272.8500061035156,0.003051309180819182
2018-05-14,272.9800109863281,0.0004764701480826718
2018-05-15,271.1000061035156,-0.006886969034910977
2018-05-16,272.239990234375,0.004205031741770188
2018-05-17,272.010009765625,-0.0008447710733166233
2018-05-18,271.3299865722656,-0.002499993268429022
2018-05-21,273.3699951171875,0.007518551748346997
2018-05-22,272.6099853515625,-0.0027801506354024007
2018-05-23,273.3599853515625,0.0027511831565259328
2018-05-24,272.79998779296875,-0.002048571804953636
2018-05-25,272.1499938964844,-0.0023826756802410977
2018-05-29,269.0199890136719,-0.011501028671722242
2018-05-30,272.6099853515625,0.01334471966582445
2018-05-31,270.94000244140625,-0.006125905138810713
2018-06-01,273.6000061035156,0.009817685237102004
2018-06-04,274.8999938964844,0.004751417265966376
2018-06-05,275.1000061035156,0.0007275817077921292
2018-06-06,277.3999938964844,0.008360551588295139
2018-06-07,277.3699951171875,-0.00010814268189230552
2018-06-08,278.19000244140625,0.002956366364978666
2018-06-11,278.55999755859375,0.001330008677308345
2018-06-12,278.9200134277344,0.0012924176920445923
2018-06-13,278.0299987792969,-0.003190931469921554
2018-06-14,278.7300109863281,0.002517757832265169
2018-06-15,277.1300048828125,-0.005740343846913945
2018-06-18,276.55999755859375,-0.002056822841899721
2018-06-19,275.5,-0.0038327942144603623
2018-06-20,275.9700012207031,0.0017059935415721416
2018-06-21,274.239990234375,-0.006268837115178229
2018-06-22,274.739990234375,0.0018232206016806035
2018-06-25,271.0,-0.013612835289047262
2018-06-26,271.6000061035156,0.0022140446624192805
2018-06-27,269.3500061035156,-0.008284241345497068
2018-06-28,270.8900146484375,0.005717499573139139
2018-06-29,271.2799987792969,0.001439640111376931
2018-07-02,271.8599853515625,0.0021379628976535055
2018-07-03,270.8999938964844,-0.003531198068140437
2018-07-05,273.1099853515625,0.008157960520008728
2018-07-06,275.4200134277344,0.008458233679000338
2018-07-09,277.8999938964844,0.009004358245014412
2018-07-10,278.8999938964844,0.0035984167756854734
2018-07-11,276.8599853515625,-0.007314480421534315
2018-07-12,279.3699951171875,0.009065989664189781
2018-07-13,279.5899963378906,0.0007874905127547465
2018-07-16,279.3399963378906,-0.0008941664697397454
2018-07-17,280.4700012207031,0.004045267049569379
2018-07-18,281.05999755859375,0.0021035987282873587
2018-07-19,280.0,-0.0037714280502431437
2018-07-20,279.67999267578125,-0.00114288330078125
2018-07-23,280.20001220703125,0.0018593376175207216
2018-07-24,281.6099853515625,0.005032023851196208
2018-07-25,284.010009765625,0.008522511767707045
2018-07-26,283.3399963378906,-0.002359119061639037
2018-07-27,281.4200134277344,-0.006776250917525312
2018-07-30,279.95001220703125,-0.005223513433882361
2018-07-31,281.3299865722656,0.004929359903773976
2018-08-01,280.8599853515625,-0.0016706403267907424
2018-08-02,282.3900146484375,0.005447658536903388
2018-08-03,283.6000061035156,0.004284823797982051
2018-08-06,284.6400146484375,0.0036671668636786485
2018-08-07,285.5799865722656,0.0033023182808260333
2018-08-08,285.4599914550781,-0.0004201804146984067
2018-08-09,285.07000732421875,-0.0013661603816055095
2018-08-10,283.1600036621094,-0.006700121419427579
2018-08-13,282.1000061035156,-0.0037434579209097247
2018-08-14,283.8999938964844,0.006380672648083002
2018-08-15,281.7799987792969,-0.007467401066449098
2018-08-16,284.05999755859375,0.008091414540329654
2018-08-17,285.05999755859375,0.0035203830479289067
2018-08-20,285.6700134277344,0.0021399560596545536
2018-08-21,286.3399963378906,0.0023453035973820713
2018-08-22,286.1700134277344,-0.0005936401212901623
2018-08-23,285.7900085449219,-0.0013278990284859508
2018-08-24,287.510009765625,0.006018409214025293
2018-08-27,289.7799987792969,0.007895339071924296
2018-08-28,289.9200134277344,0.0004831756816457798
2018-08-29,291.4800109863281,0.005380786031808721
2018-08-30,290.29998779296875,-0.0040483846194678645
2018-08-31,290.30999755859375,3.4480764884284445e-05
2018-09-04,289.80999755859375,-0.001722296869569861
2018-09-05,289.0299987792969,-0.0026914143261713218
2018-09-06,288.1600036621094,-0.003010051277936128
2018-09-07,287.6000061035156,-0.0019433563002393347
2018-09-10,288.1000061035156,0.0017385256932854008
2018-09-11,289.04998779296875,0.0032974025315077302
2018-09-12,289.1199951171875,0.00024219798365427559
2018-09-13,290.8299865722656,0.005914469714849792
2018-09-14,290.8800048828125,0.00017198470878602615
2018-09-17,289.3399963378906,-0.005294308715177249
2018-09-18,290.9100036621094,0.005426167637001346
2018-09-19,291.2200012207031,0.0010656132642100913
2018-09-20,293.5799865722656,0.008103788687831124
2018-09-21,291.989990234375,-0.00541588803942275
2018-09-24,291.0199890136719,-0.0033220358681628876
2018-09-25,290.75,-0.0009277335711094098
2018-09-26,289.8800048828125,-0.0029922445990971623
2018-09-27,290.69000244140625,0.0027942512244720063
2018-09-28,290.7200012207031,0.00010319852435558663
2018-10-01,291.7300109863281,0.0034741667631538035
2018-10-02,291.55999755859375,-0.0005827766130730467
2018-10-03,291.7200012207031,0.0005487846873685738
2018-10-04,289.44000244140625,-0.007815709480859091
2018-10-05,287.82000732421875,-0.00559699800830208
2018-10-08,287.82000732421875,0.0
2018-10-09,287.3999938964844,-0.0014592919777854261
2018-10-10,278.29998779296875,-0.0316632091049844
2018-10-11,272.1700134277344,-0.02202649886493904
2018-10-12,275.95001220703125,0.01388837341664212
2018-10-15,274.3999938964844,-0.005617025700234342
2018-10-16,280.3999938964844,0.021865889699193876
2018-10-17,280.45001220703125,0.0001783819958474761
2018-10-18,276.3999938964844,-0.01444114150209809
2018-10-19,276.25,-0.0005426696808848332
2018-10-22,275.010009765625,-0.0044886524321266965
2018-10-23,273.6099853515625,-0.005090812568079465
2018-10-24,265.32000732421875,-0.03029852151299203
2018-10-25,270.0799865722656,0.017940521320091107
2018-10-26,265.3299865722656,-0.017587382390990444
2018-10-29,263.8599853515625,-0.00554027548749283
2018-10-30,267.7699890136719,0.014818479038796859
2018-10-31,270.6300048828125,0.010680867858550786
2018-11-01,273.510009765625,0.010641853567048458
2018-11-02,271.8900146484375,-0.00592298292327838
2018-11-05,273.3900146484375,0.005516936699347153
2018-11-06,275.1199951171875,0.0063278846192486105
2018-11-07,281.010009765625,0.02140889340278101
2018-11-08,280.5,-0.001814916721473271
2018-11-09,277.760009765625,-0.009768236129679144
2018-11-12,272.57000732421875,-0.01868520398521585
2018-11-13,272.05999755859375,-0.0018711147665573839
2018-11-14,270.20001220703125,-0.006836673411209282
2018-11-15,273.0199890136719,0.010436627236270875
2018-11-16,273.7300109863281,0.0026006226695023953
2018-11-19,269.1000061035156,-0.01691449492925258
2018-11-20,264.1199951171875,-0.018506171956058772
2018-11-21,265.0199890136719,0.0034075189804734637
2018-11-23,263.25,-0.006678700049227474
2018-11-26,267.5,0.016144349477682812
2018-11-27,268.3999938964844,0.00336446316442757
2018-11-28,274.5799865722656,0.023025308555575934
2018-11-29,273.9800109863281,-0.002185066702884388
2018-11-30,275.6499938964844,0.006095272805283535
2018-12-03,279.29998779296875,0.013241407499740659
2018-12-04,270.25,-0.032402392368441696
2018-12-06,269.8399963378906,-0.0015171273343547642
2018-12-07,263.57000732421875,-0.023235951299897976
2018-12-10,264.07000732421875,0.0018970291994754454
2018-12-11,264.1300048828125,0.00022720322993775833
2018-12-12,265.4599914550781,0.0050353483045430785
2018-12-13,265.3699951171875,-0.00033902034501441785
2018-12-14,260.4700012207031,-0.018464762356876614
2018-12-17,255.36000061035156,-0.01961838440666234
2018-12-18,255.0800018310547,-0.001096486445127008
2018-12-19,251.25999450683594,-0.014975722505870249
2018-12-20,247.1699981689453,-0.016277944867101993
2018-12-21,240.6999969482422,-0.026176321028577094
2018-12-24,234.33999633789062,-0.026422935982500888
2018-12-26,246.17999267578125,0.050524863544073574
2018-12-27,248.07000732421875,0.007677369017256601
2018-12-28,247.75,-0.0012899879661813034
2018-12-31,249.9199981689453,0.008758822074451313
2019-01-02,250.17999267578125,0.0010403109344622428
2019-01-03,244.2100067138672,-0.0238627633571435
2019-01-04,252.38999938964844,0.03349573093196577
2019-01-07,254.3800048828125,0.007884644787735123
2019-01-08,256.7699890136719,0.009395330155608693
2019-01-09,257.9700012207031,0.004673490899932837
2019-01-10,258.8800048828125,0.003527556141424492
2019-01-11,258.9800109863281,0.00038630292656590017
2019-01-14,257.3999938964844,-0.006100922939288782
2019-01-15,260.3500061035156,0.011460809156886083
2019-01-16,260.9800109863281,0.0024198381718570383
2019-01-17,262.9599914550781,0.007586713102152963
2019-01-18,266.4599914550781,0.013310009559374019
2019-01-22,262.8599853515625,-0.013510493953920814
2019-01-23,263.4100036621094,0.0020924383367489433
2019-01-24,263.54998779296875,0.0005314305793751873
2019-01-25,265.7799987792969,0.008461434602986612
2019-01-28,263.760009765625,-0.007600229599478888
2019-01-29,263.4100036621094,-0.0013269869978646026
2019-01-30,267.5799865722656,0.015830768961627283
2019-01-31,269.92999267578125,0.008782443461558946
2019-02-01,270.05999755859375,0.0004816244446338784
2019-02-04,271.9599914550781,0.00703545106147067
2019-02-05,273.1000061035156,0.0041918469048996335
2019-02-06,272.739990234375,-0.001318256540075524
2019-02-07,270.1400146484375,-0.009532799292480909
2019-02-08,270.4700012207031,0.0012215390329902525
2019-02-11,270.6199951171875,0.0005545675890391268
2019-02-12,274.1000061035156,0.012859400817079921
2019-02-13,274.989990234375,0.0032469321818375547
2019-02-14,274.3800048828125,-0.0022182092920640757
2019-02-15,277.3699951171875,0.010897259935730458
2019-02-19,277.8500061035156,0.0017305800727483976
2019-02-20,278.4100036621094,0.0020154671451945824
2019-02-21,277.4200134277344,-0.0035558716330340474
2019-02-22,279.1400146484375,0.006199989681534534
2019-02-25,279.5199890136719,0.0013612321605447116
2019-02-26,279.32000732421875,-0.0007154468278236212
2019-02-27,279.20001220703125,-0.00042959728641355974
2019-02-28,278.67999267578125,-0.001862534056282194
2019-03-01,280.4200134277344,0.00624379502542
2019-03-04,279.3999938964844,-0.0036374705171065263
2019-03-05,279.0199890136719,-0.0013600747713448018
2019-03-06,277.3299865722656,-0.0060569224713267426
2019-03-07,275.010009765625,-0.008365401936209643
2019-03-08,274.4599914550781,-0.0019999937857375573
2019-03-11,278.44000244140625,0.014501242841361627
2019-03-12,279.489990234375,0.0037709660385084397
2019-03-13,281.3399963378906,0.006619221325115239
2019-03-14,281.1600036621094,-0.0006397692405066998
2019-03-15,281.30999755859375,0.0005334823393466508
2019-03-18,282.3299865722656,0.0036258541200954743
2019-03-19,282.3999938964844,0.0002479627653750156
2019-03-20,281.54998779296875,-0.003009936692233784
2019-03-21,284.7300109863281,0.011294701940096446
2019-03-22,279.25,-0.019246341358063794
2019-03-25,279.0400085449219,-0.0007519837245411817
2019-03-26,281.1199951171875,0.0074540800909227815
2019-03-27,279.6499938964844,-0.005229088098448284
2019-03-28,280.7099914550781,0.0037904437036609417
2019-03-29,282.4800109863281,0.00630550954768297
2019-04-01,285.8299865722656,0.01185915978352053
2019-04-02,285.9700012207031,0.0004898529021275396
2019-04-03,286.4200134277344,0.0015736343151740032
2019-04-04,287.17999267578125,0.0026533734111377754
2019-04-05,288.57000732421875,0.00484022105957357
2019-04-08,288.7900085449219,0.0007623842226123858
2019-04-09,287.30999755859375,-0.005124869083197199
2019-04-10,288.2900085449219,0.0034109881126857147
2019-04-11,288.2099914550781,-0.00027755762417025145
2019-04-12,290.1600036621094,0.00676594241992193
2019-04-15,289.9700012207031,-0.0006548195444176634
2019-04-16,290.1600036621094,0.000655248614016574
2019-04-17,289.45001220703125,-0.0024468963541402085
2019-04-18,290.0199890136719,0.0019691718175950355
2019-04-22,290.2699890136719,0.0008620095492390861
2019-04-23,292.8800048828125,0.008991683494423159
2019-04-24,292.2300109863281,-0.002219318101774996
2019-04-25,292.04998779296875,-0.0006160325311961108
2019-04-26,293.4100036621094,0.004656791391837778
2019-04-29,293.8699951171875,0.0015677429172041818
2019-04-30,294.0199890136719,0.0005104090209160736
2019-05-01,291.80999755859375,-0.007516466694974812
2019-05-02,291.17999267578125,-0.0021589557865850663
2019-05-03,294.0299987792969,0.009787781355874294
2019-05-06,292.82000732421875,-0.004115197293138657
2019-05-07,287.92999267578125,-0.016699728591370245
2019-05-08,287.5299987792969,-0.0013892053855423857
2019-05-09,286.6600036621094,-0.003025754254794448
2019-05-10,288.1000061035156,0.005023381089130256
2019-05-13,280.8599853515625,-0.025130234635787382
2019-05-14,283.3999938964844,0.009043682537198937
2019-05-15,285.05999755859375,0.0058574583551886505
2019-05-16,287.70001220703125,0.009261259633228082
2019-05-17,285.8399963378906,-0.006465122663262672
2019-05-20,283.95001220703125,-0.006612035247248011
2019-05-21,286.510009765625,0.00901566278760089
2019-05-22,285.6300048828125,-0.0030714629605170657
2019-05-23,282.1400146484375,-0.012218570089675501
2019-05-24,282.7799987792969,0.002268321037896137
2019-05-28,280.1499938964844,-0.00930053360975207
2019-05-29,278.2699890136719,-0.006710708276892425
2019-05-30,279.0299987792969,0.002731195585693071
2019-05-31,275.2699890136719,-0.01347528861439389
2019-06-03,274.57000732421875,-0.0025428914062199455
2019-06-04,280.5299987792969,0.02170663690896299
2019-06-05,282.9599914550781,0.008662149097619372
2019-06-06,284.79998779296875,0.006502673146223703
2019-06-07,287.6499938964844,0.01000704433171323
2019-06-10,288.9700012207031,0.004588935693472591
2019-06-11,288.8999938964844,-0.0002422650237845324
2019-06-12,288.3900146484375,-0.0017652449249604533
2019-06-13,289.5799865722656,0.004126259105325692
2019-06-14,289.260009765625,-0.0011049686493468144
2019-06-17,289.3699951171875,0.0003802300623982431
2019-06-18,292.3999938964844,0.010471019215623245
2019-06-19,293.05999755859375,0.002257194513974682
2019-06-20,295.8599853515625,0.009554315895361758
2019-06-21,294.0,-0.006286708049932231
2019-06-24,293.6400146484375,-0.0012244399713010204
2019-06-25,290.760009765625,-0.009807944214485227
2019-06-26,290.4700012207031,-0.000997415515137877
2019-06-27,291.5,0.0035459729919382196
2019-06-28,293.0,0.005145797598627788
2019-07-01,295.6600036621094,0.009078510792182167
2019-07-02,296.42999267578125,0.002604305635306172
2019-07-03,298.79998779296875,0.007995125917570931
2019-07-05,298.4599914550781,-0.0011378726632552615
2019-07-08,296.82000732421875,-0.005494820672157704
2019-07-09,297.19000244140625,0.0012465302474821097
2019-07-10,298.6099853515625,0.0047780305477678805
2019-07-11,299.30999755859375,0.002344235763606849
2019-07-12,300.6499938964844,0.004476951484483253
2019-07-15,300.75,0.0003326329803620675
2019-07-16,299.7799987792969,-0.0032252742168017456
2019-07-17,297.739990234375,-0.006805018857925088
2019-07-18,298.8299865722656,0.0036609000256653517
2019-07-19,297.1700134277344,-0.005554908205739323
2019-07-22,297.8999938964844,0.0024564405416615705
2019-07-23,300.0299987792969,0.007150066889738318
2019-07-24,301.44000244140625,0.004699542271926544
2019-07-25,300.0,-0.004777078124148957
2019-07-26,302.010009765625,0.006700032552083333
2019-07-29,301.4599914550781,-0.0018211923206575733
2019-07-30,300.7200012207031,-0.0024546880360582415
2019-07-31,297.42999267578125,-0.010940438053893482
2019-08-01,294.8399963378906,-0.008707919179872002
2019-08-02,292.6199951171875,-0.007529511763251325
2019-08-05,283.82000732421875,-0.03007309117562031
2019-08-06,287.79998779296875,0.014022903128895745
2019-08-07,287.9700012207031,0.0005907346592963566
2019-08-08,293.6199951171875,0.019620078037761172
2019-08-09,291.6199951171875,-0.006811525213743615
2019-08-12,288.07000732421875,-0.01217333465608964
2019-08-13,292.54998779296875,0.015551707414329478
2019-08-14,283.8999938964844,-0.02956757565344965
2019-08-15,284.6499938964844,0.002641775329778503
2019-08-16,288.8500061035156,0.01475500543505588
2019-08-19,292.3299865722656,0.012047707790260091
2019-08-20,290.0899963378906,-0.007662540065219282
2019-08-21,292.45001220703125,0.00813546106013159
2019-08-22,292.3599853515625,-0.000307836730076859
2019-08-23,284.8500061035156,-0.025687438857325617
2019-08-26,288.0,0.011058430152673595
2019-08-27,286.8699951171875,-0.003923628065321181
2019-08-28,288.8900146484375,0.0070415852673083295
2019-08-29,292.5799865722656,0.012772929962008581
2019-08-30,292.45001220703125,-0.0004442353243538483
2019-09-03,290.739990234375,-0.0058472282485175315
2019-09-04,294.0400085449219,0.011350410749778944
2019-09-05,297.82000732421875,0.012855389298900075
2019-09-06,298.04998779296875,0.0007722129578072103
2019-09-09,298.20001220703125,0.0005033531964668619
2019-09-10,298.1300048828125,-0.00023476633585831658
2019-09-11,300.25,0.007110975354596789
2019-09-12,301.2900085449219,0.0034638086425374686
2019-09-13,301.0899963378906,-0.0006638527709471935
2019-09-16,300.1600036621094,-0.0030887531538496857
2019-09-17,300.9200134277344,0.002532015446270264
2019-09-18,301.1000061035156,0.0005981412593033632
2019-09-19,301.0799865722656,-6.648798021982588e-05
2019-09-20,298.2799987792969,-0.009299813730052406
2019-09-23,298.2099914550781,-0.0002347033810689726
2019-09-24,295.8699951171875,-0.007846807300026761
2019-09-25,297.6199951171875,0.005914759958362334
2019-09-26,297.0,-0.0020831769617608445
2019-09-27,295.3999938964844,-0.005387225937763047
2019-09-30,296.7699890136719,0.00463776284865998
2019-10-01,293.239990234375,-0.011894729622186467
2019-10-02,288.05999755859375,-0.017664687110516848
2019-10-03,290.4200134277344,0.008192792783248491
2019-10-04,294.3500061035156,0.013532100041580487
2019-10-07,293.0799865722656,-0.004314657737100116
2019-10-08,288.5299987792969,-0.015524730453905783
2019-10-09,291.2699890136719,0.00949637904539306
2019-10-10,293.239990234375,0.0067634884986748686
2019-10-11,296.2799987792969,0.010366964418775618
2019-10-14,295.95001220703125,-0.0011137659431119298
2019-10-15,298.8800048828125,0.009900295843649364
2019-10-16,298.3999938964844,-0.0016060324494317777
2019-10-17,299.2799987792969,0.0029490780858319175
2019-10-18,297.9700012207031,-0.004377163739431193
2019-10-21,299.989990234375,0.006779169061974434
2019-10-22,299.010009765625,-0.0032667105591902075
2019-10-23,299.8800048828125,0.002909585260605269
2019-10-24,300.3699951171875,0.0016339543363902472
2019-10-25,301.6000061035156,0.0040949862047580474
2019-10-28,303.29998779296875,0.005636543949106071
2019-10-29,303.2099914550781,-0.0002967238427719823
2019-10-30,304.1400146484375,0.003067257740736957
2019-10-31,303.3299865722656,-0.0026633393738347954
2019-11-01,306.1400146484375,0.009263931034073386
2019-11-04,307.3699951171875,0.004017705657205494
2019-11-05,307.0299987792969,-0.0011061468044758188
2019-11-06,307.1000061035156,0.00022801460605507
2019-11-07,308.17999267578125,0.003516725987630195
2019-11-08,308.94000244140625,0.002466122992041743
2019-11-11,308.3500061035156,-0.0019097440707845014
2019-11-12,309.0,0.002107974326636357
2019-11-13,309.1000061035156,0.0003236443479470065
2019-11-14,309.54998779296875,0.0014557802671230908
2019-11-15,311.7900085449219,0.007236378098167723
2019-11-18,312.0199890136719,0.0007376133373333066
2019-11-19,311.92999267578125,-0.000288431321900603
2019-11-20,310.7699890136719,-0.0037187948877845742
2019-11-21,310.2699890136719,-0.001608906965524278
2019-11-22,310.9599914550781,0.002223877480383207
2019-11-25,313.3699951171875,0.007750204940617027
2019-11-26,314.0799865722656,0.002265665080068107
2019-11-27,315.4800109863281,0.004457540989293098
2019-11-29,314.30999755859375,-0.0037086768954914216
2019-12-02,311.6400146484375,-0.008494743822644429
2019-12-03,309.54998779296875,-0.006706542026788565
2019-12-04,311.4599914550781,0.006170259206686874
2019-12-05,312.0199890136719,0.001797975900460135
2019-12-06,314.8699951171875,0.009134049752789222
2019-12-09,313.8800048828125,-0.0031441237644969887
2019-12-10,313.5299987792969,-0.001115095253188556
2019-12-11,314.4200134277344,0.002838690561996295
2019-12-12,317.1300048828125,0.00861901704517605
2019-12-13,317.32000732421875,0.0005991310771002595
2019-12-16,319.5,0.006870013316096589
2019-12-17,319.57000732421875,0.00021911525577073552
2019-12-18,319.5899963378906,6.254971747581808e-05
2019-12-19,320.8999938964844,0.004098994253902548
2019-12-20,320.7300109863281,-0.0005297068039555119
2019-12-23,321.2200012207031,0.0015277342861310444
2019-12-24,321.2300109863281,3.116171342681277e-05
2019-12-26,322.94000244140625,0.005323261826713021
2019-12-27,322.8599853515625,-0.0002477769531145903
2019-12-30,321.0799865722656,-0.005513222015910807
2019-12-31,321.8599853515625,0.0024292974084864686
2020-01-02,324.8699951171875,0.00935192289385465
2020-01-03,322.4100036621094,-0.007572233484322718
2020-01-06,323.6400146484375,0.003815052176908243
2020-01-07,322.7300109863281,-0.0028117773480448344
2020-01-08,324.45001220703125,0.0053295360274876625
2020-01-09,326.6499938964844,0.006780649119067743
2020-01-10,325.7099914550781,-0.002877705369571008
2020-01-13,327.95001220703125,0.006877347366428789
2020-01-14,327.45001220703125,-0.0015246225991428092
2020-01-15,328.19000244140625,0.0022598570981488893
2020-01-16,330.9200134277344,0.008318385587676549
2020-01-17,331.95001220703125,0.003112530936488083
2020-01-21,331.29998779296875,-0.0019581996992278808
2020-01-22,331.3399963378906,0.0001207622891518987
2020-01-23,331.7200012207031,0.0011468729613462734
2020-01-24,328.7699890136719,-0.008893079091328351
2020-01-27,323.5,-0.016029410194896843
2020-01-28,326.8900146484375,0.010479179747874807
2020-01-29,326.6199951171875,-0.0008260256329346726
2020-01-30,327.67999267578125,0.003245354156022919
2020-01-31,321.7300109863281,-0.018157903510881295
2020-02-03,324.1199951171875,0.00742853961162155
2020-02-04,329.05999755859375,0.015241276427948121
2020-02-05,332.8599853515625,0.011548008938072483
2020-02-06,333.9800109863281,0.0033648551464744796
2020-02-07,332.20001220703125,-0.005329656628371515
2020-02-10,334.67999267578125,0.007465323231849988
2020-02-11,335.260009765625,0.0017330497864736039
2020-02-12,337.4200134277344,0.006442771577855049
2020-02-13,337.05999755859375,-0.001066966554483082
2020-02-14,337.6000061035156,0.0016021140118474045
2020-02-18,336.7300109863281,-0.0025769997081123877
2020-02-19,338.3399963378906,0.004781235111318511
2020-02-20,336.95001220703125,-0.0041082465741686565
2020-02-21,333.4800109863281,-0.010298267087080745
2020-02-24,322.4200134277344,-0.033165398807208216
2020-02-25,312.6499938964844,-0.03030214975609696
2020-02-26,311.5,-0.0036782149973913886
2020-02-27,297.510009765625,-0.04491168614566613
2020-02-28,296.260009765625,-0.004201539306138761
2020-03-02,309.0899963378906,0.04330650830132487
2020-03-03,300.239990234375,-0.02863245724019158
2020-03-04,312.8599853515625,0.04203302533861665
2020-03-05,302.4599914550781,-0.03324168760283564
2020-03-06,297.4599914550781,-0.016531112018967998
2020-03-09,274.2300109863281,-0.07809447030209489
2020-03-10,288.4200134277344,0.05174489250964476
2020-03-11,274.3599853515625,-0.04874844817138431
2020-03-12,248.11000061035156,-0.09567716191402487
2020-03-13,269.32000732421875,0.08548630309818422
2020-03-16,239.85000610351562,-0.10942373540494486
2020-03-17,252.8000030517578,0.05399206428476456
2020-03-18,240.0,-0.05063292285299998
2020-03-19,240.50999450683594,0.002124977111816406
2020-03-20,228.8000030517578,-0.04868816981634955
2020-03-23,222.9499969482422,-0.025568208153355095
2020-03-24,243.14999389648438,0.09060326182884683
2020-03-25,246.7899932861328,0.014970180880193997
2020-03-26,261.20001220703125,0.0583898023133831
2020-03-27,253.4199981689453,-0.0297856572530302
2020-03-30,261.6499938964844,0.03247571536186518
2020-03-31,257.75,-0.014905385008444965
2020-04-01,246.14999389648438,-0.04500487334050679
2020-04-02,251.8300018310547,0.023075393359379793
2020-04-03,248.19000244140625,-0.014454192761712345
2020-04-06,264.8599853515625,0.06716621437679292
2020-04-07,265.1300048828125,0.0010194802770663487
2020-04-08,274.0299987792969,0.03356841448563384
2020-04-09,278.20001220703125,0.015217361041894155
2020-04-13,275.6600036621094,-0.0091301525286478
2020-04-14,283.7900085449219,0.02949287083656091
2020-04-15,277.760009765625,-0.021248101052656936
2020-04-16,279.1000061035156,0.004824295401707824
2020-04-17,286.6400146484375,0.027015436689475942
2020-04-20,281.5899963378906,-0.017617980925449982
2020-04-21,273.0400085449219,-0.03036325119557618
2020-04-22,279.1000061035156,0.022194540612888714
2020-04-23,279.0799865722656,-7.172888144823236e-05
2020-04-24,282.9700012207031,0.013938708741589432
2020-04-27,287.04998779296875,0.014418442077481669
2020-04-28,285.7300109863281,-0.004598421399664514
2020-04-29,293.2099914550781,0.02617849081701085
2020-04-30,290.4800109863281,-0.009310666581320277
2020-05-01,282.7900085449219,-0.026473430702838245
2020-05-04,283.57000732421875,0.002758226089069799
2020-05-05,286.19000244140625,0.009239323798415458
2020-05-06,284.25,-0.006778721915009734
2020-05-07,287.67999267578125,0.01206681680134125
2020-05-08,292.44000244140625,0.016546196770067315
2020-05-11,292.5,0.00020516194122851305
2020-05-12,286.6700134277344,-0.019931578024839743
2020-05-13,281.6000061035156,-0.017685865583205933
2020-05-14,284.9700012207031,0.011967311946537018
2020-05-15,286.2799987792969,0.0045969665332569
2020-05-18,295.0,0.03045969420806682
2020-05-19,291.9700012207031,-0.01027118230270127
2020-05-20,296.92999267578125,0.01698801737966503
2020-05-21,294.8800048828125,-0.006903943163488835
2020-05-22,295.44000244140625,0.001899069280117169
2020-05-26,299.0799865722656,0.012320552737543665
2020-05-27,303.5299987792969,0.014879003633885779
2020-05-28,302.9700012207031,-0.0018449496288534437
2020-05-29,304.32000732421875,0.004455906849114716
2020-06-01,305.54998779296875,0.004041733830006103
2020-06-02,308.0799865722656,0.008280146883890973
2020-06-03,312.17999267578125,0.013308252019654954
2020-06-04,311.3599853515625,-0.0026267132534351094
2020-06-05,319.3399963378906,0.02562953289363032
2020-06-08,323.20001220703125,0.012087480157218949
2020-06-09,320.7900085449219,-0.007456694217466819
2020-06-10,319.0,-0.005580000926591238
2020-06-11,300.6099853515625,-0.057648948741183384
2020-06-12,304.2099914550781,0.011975670399988305
2020-06-15,307.04998779296875,0.00933564451419407
2020-06-16,312.9599914550781,0.01924769222298178
2020-06-17,311.6600036621094,-0.004153846588902878
2020-06-18,311.7799987792969,0.0003850193023728332
2020-06-19,308.6400146484375,-0.010071153195051842
2020-06-22,310.6199951171875,0.00641517747141548
2020-06-23,312.04998779296875,0.0046036723271525295
2020-06-24,304.0899963378906,-0.025508706189596855
2020-06-25,307.3500061035156,0.010720542618582655
2020-06-26,300.04998779296875,-0.023751482562483585
2020-06-29,304.4599914550781,0.014697563211208093
2020-06-30,308.3599853515625,0.012809544787298609
2020-07-01,310.5199890136719,0.0070048117937440745
2020-07-02,312.2300109863281,0.0055069626212725376
2020-07-06,317.04998779296875,0.01543726303379492
2020-07-07,313.7799987792969,-0.010313796371464153
2020-07-08,316.17999267578125,0.007648651621585531
2020-07-09,314.3800048828125,-0.00569292123051727
2020-07-10,317.5899963378906,0.010210545852859418
2020-07-13,314.8399963378906,-0.008658962913536539
2020-07-14,318.9200134277344,0.012959017714715698
2020-07-15,321.8500061035156,0.009187233639839198
2020-07-16,320.7900085449219,-0.0032934520381920586
2020-07-17,321.7200012207031,0.0028990699554503683
2020-07-20,324.32000732421875,0.008081580547216258
2020-07-21,325.010009765625,0.0021275358467677356
2020-07-22,326.8599853515625,0.005692057260856599
2020-07-23,322.9599914550781,-0.011931695745166353
2020-07-24,320.8800048828125,-0.006440384652273374
2020-07-27,323.2200012207031,0.007292434250445761
2020-07-28,321.1700134277344,-0.006342391514221189
2020-07-29,325.1199951171875,0.012298725050001905
2020-07-30,323.9599914550781,-0.0035679247032815034
2020-07-31,326.5199890136719,0.00790220282169853
2020-08-03,328.7900085449219,0.006952160993595253
2020-08-04,330.05999755859375,0.003862614375942507
2020-08-05,332.1099853515625,0.006210955002521403
2020-08-06,334.3299865722656,0.0066845362037311
2020-08-07,334.57000732421875,0.0007179157167861291
2020-08-10,335.57000732421875,0.002988911074240253
2020-08-11,332.79998779296875,-0.008254669579494575
2020-08-12,337.44000244140625,0.013942352219447804
2020-08-13,336.8299865722656,-0.0018077757963700506
2020-08-14,336.8399963378906,2.9717560858710664e-05
2020-08-17,337.9100036621094,0.0031766041320859216
2020-08-18,338.6400146484375,0.002160371040858838
2020-08-19,337.2300109863281,-0.00416372431230014
2020-08-20,338.2799987792969,0.003113565693331245
2020-08-21,339.4800109863281,0.0035473933172566045
2020-08-24,342.9200134277344,0.010133151673383177
2020-08-25,344.1199951171875,0.0034993049179557565
2020-08-26,347.57000732421875,0.010025608090155801
2020-08-27,348.3299865722656,0.002186550139632602
2020-08-28,350.5799865722656,0.006459392204906275
2020-08-31,349.30999755859375,-0.003622537116533576
2020-09-01,352.6000061035156,0.009418592562241234
2020-09-02,357.70001220703125,0.014463998908775899
2020-09-03,345.3900146484375,-0.03441430567094561
2020-09-04,342.57000732421875,-0.008164704260744636
2020-09-08,333.2099914550781,-0.027322928654060538
2020-09-09,339.7900085449219,0.01974735829832053
2020-09-10,333.8900146484375,-0.017363647394312266
2020-09-11,334.05999755859375,0.0005090985135785805
2020-09-14,338.4599914550781,0.013171268420765108
2020-09-15,340.1700134277344,0.005052360739314182
2020-09-16,338.82000732421875,-0.003968621719216941
2020-09-17,335.8399963378906,-0.008795262741012033
2020-09-18,330.6499938964844,-0.015453794955930614
2020-09-21,326.9700012207031,-0.01112957127993577
2020-09-22,330.29998779296875,0.010184379483847207
2020-09-23,322.6400146484375,-0.023190958000678167
2020-09-24,323.5,0.002665464023424302
2020-09-25,328.7300109863281,0.016166958226671174
2020-09-28,334.19000244140625,0.016609348926481818
2020-09-29,332.3699951171875,-0.0054460256468559474
2020-09-30,334.8900146484375,0.007581970599847582
2020-10-01,337.0400085449219,0.006420000007290173
2020-10-02,333.8399963378906,-0.009494458004693354
2020-10-05,339.760009765625,0.017733086187020356
2020-10-06,334.92999267578125,-0.014215967009112158
2020-10-07,340.760009765625,0.017406673685050715
2020-10-08,343.7799987792969,0.008862510057295239
2020-10-09,346.8500061035156,0.00893015107080055
2020-10-12,352.42999267578125,0.01608760695999615
2020-10-13,350.1300048828125,-0.006526084160733246
2020-10-14,347.92999267578125,-0.00628341523534262
2020-10-15,347.5,-0.0012358597557927088
2020-10-16,347.2900085449219,-0.0006042919570593525
2020-10-19,342.010009765625,-0.015203428401004254
2020-10-20,343.3800048828125,0.004005716435394215
2020-10-21,342.7300109863281,-0.0018929287880527655
2020-10-22,344.6099853515625,0.00548529251880825
2020-10-23,345.7799987792969,0.003395181444149845
2020-10-26,339.3900146484375,-0.01847991252651357
2020-10-27,338.2200012207031,-0.003447400858114084
2020-10-28,326.6600036621094,-0.03417892944495129
2020-10-29,329.9800109863281,0.010163495031527948
2020-10-30,326.5400085449219,-0.010424881286366093
2020-11-02,330.20001220703125,0.011208438679286281
2020-11-03,336.0299987792969,0.017655924762989703
2020-11-04,343.5400085449219,0.022349224155303896
2020-11-05,350.239990234375,0.01950276975840799
2020-11-06,350.1600036621094,-0.00022837646898088155
2020-11-09,354.55999755859375,0.012565666696560228
2020-11-10,354.0400085449219,-0.0014665755224852822
2020-11-11,356.6700134277344,0.0074285527605245085
2020-11-12,353.2099914550781,-0.009700905157134248
2020-11-13,358.1000061035156,0.013844496947248507
2020-11-16,362.57000732421875,0.012482549970722385
2020-11-17,360.6199951171875,-0.005378305341421974
2020-11-18,356.2799987792969,-0.012034818913688617
2020-11-19,357.7799987792969,0.004210171789433507
2020-11-20,355.3299865722656,-0.0068478176963228865
2020-11-23,357.4599914550781,0.005994441683236064
2020-11-24,363.2200012207031,0.016113718747035943
2020-11-25,362.6600036621094,-0.0015417585945479888
2020-11-27,363.6700134277344,0.0027850045646776833
2020-11-30,362.05999755859375,-0.004427133966767251
2020-12-01,366.0199890136719,0.01093739016124603
2020-12-02,366.7900085449219,0.002103763604072557
2020-12-03,366.69000244140625,-0.0002726522020388594
2020-12-04,369.8500061035156,0.008617643352887198
2020-12-07,369.0899963378906,-0.0020549134867724845
2020-12-08,370.1700134277344,0.0029261619132452113
2020-12-09,366.8500061035156,-0.00896887160976612
2020-12-10,366.7300109863281,-0.0003270958571379728
2020-12-11,366.29998779296875,-0.0011725879542904562
2020-12-14,364.6600036621094,-0.0044771613036096725
2020-12-15,369.5899963378906,0.01351942254777504
2020-12-16,370.1700134277344,0.0015693527844121637
2020-12-17,372.239990234375,0.00559196242686668
2020-12-18,369.17999267578125,-0.00822049655832806
2020-12-21,367.8599853515625,-0.0035755115401879265
2020-12-22,367.239990234375,-0.0016854105960858255
2020-12-23,367.57000732421875,0.0008986414840963559
2020-12-24,369.0,0.003890395427502633
2020-12-28,372.1700134277344,0.00859082229738313
2020-12-29,371.4599914550781,-0.0019077893087539616
2020-12-30,371.989990234375,0.0014267990940848591
2020-12-31,373.8800048828125,0.005080821253407067
2021-01-04,368.7900085449219,-0.013613983822125
2021-01-05,371.3299865722656,0.006887328746690702
2021-01-06,373.54998779296875,0.005978513184986433
2021-01-07,379.1000061035156,0.014857498305214352
2021-01-08,381.260009765625,0.005697714659280624
2021-01-11,378.69000244140625,-0.006740825836411826
2021-01-12,378.7699890136719,0.0002112191284426663
2021-01-13,379.7900085449219,0.0026929787492038656
2021-01-14,378.4599914550781,-0.003501980199372292
2021-01-15,375.70001220703125,-0.007292657904037592
2021-01-19,378.6499938964844,0.00785196058984295
2021-01-20,383.8900146484375,0.01383869229213733
2021-01-21,384.239990234375,0.0009116558716902392
2021-01-22,382.8800048828125,-0.00353941647440952
2021-01-25,384.3900146484375,0.003943819855746101
2021-01-26,383.7900085449219,-0.001560930514972897
2021-01-27,374.4100036621094,-0.024440461382450474
2021-01-28,377.6300048828125,0.008600200820512938
2021-01-29,370.07000732421875,-0.020019589176818182
2021-02-01,376.2300109863281,0.0166455090663767
2021-02-02,381.54998779296875,0.014140224467191556
2021-02-03,381.8500061035156,0.0007863145594166987
2021-02-04,386.19000244140625,0.011365709751263161
2021-02-05,387.7099914550781,0.003935858007879144
2021-02-08,390.510009765625,0.007221940038321912
2021-02-09,390.25,-0.0006658210010571862
2021-02-10,390.0799865722656,-0.00043565260149743755
2021-02-11,390.7099914550781,0.0016150658954552292
2021-02-12,392.6400146484375,0.004939784585931889
2021-02-16,392.29998779296875,-0.0008660015352057372
2021-02-17,392.3900146484375,0.00022948472666346477
2021-02-18,390.7200012207031,-0.004256003887434868
2021-02-19,390.0299987792969,-0.00176597675893355
2021-02-22,387.0299987792969,-0.007691716045917754
2021-02-23,387.5,0.0012143793044092747
2021-02-24,391.7699890136719,0.01101932648689516
2021-02-25,382.3299865722656,-0.02409577738502276
2021-02-26,380.3599853515625,-0.005152620223082522
2021-03-01,389.5799865722656,0.024240197643769442
2021-03-02,386.5400085449219,-0.007803219190213318
2021-03-03,381.4200134277344,-0.013245705500087912
2021-03-04,376.70001220703125,-0.012374812685589187
2021-03-05,383.6300048828125,0.01839658203136076
2021-03-08,381.7200012207031,-0.004978765054346633
2021-03-09,387.1700134277344,0.014277512809396011
2021-03-10,389.5799865722656,0.006224586256551797
2021-03-11,393.5299987792969,0.010139155868312393
2021-03-12,394.05999755859375,0.001346781137247211
2021-03-15,396.4100036621094,0.0059635743746514055
2021-03-16,395.9100036621094,-0.0012613203384902172
2021-03-17,397.260009765625,0.003409881263489851
2021-03-18,391.4800109863281,-0.014549661776192756
2021-03-19,389.4800109863281,-0.005108817676184869
2021-03-22,392.5899963378906,0.00798496781307647
2021-03-23,389.5,-0.007870797439349821
2021-03-24,387.5199890136719,-0.005083468514321245
2021-03-25,389.70001220703125,0.005625576112623348
2021-03-26,395.9800109863281,0.016114956588609435
2021-03-29,395.7799987792969,-0.0005051068273195128
2021-03-30,394.7300109863281,-0.0026529581995230287
2021-03-31,396.3299865722656,0.004053341629483847
2021-04-01,400.6099853515625,0.010799078859294117
2021-04-05,406.3599853515625,0.014353112029781245
2021-04-06,406.1199951171875,-0.0005905853012751055
2021-04-07,406.5899963378906,0.0011572964304983416
2021-04-08,408.5199890136719,0.004746778556197821
2021-04-09,411.489990234375,0.007270149076117126
2021-04-12,411.6400146484375,0.00036458824667168606
2021-04-13,412.8599853515625,0.002963683460576397
2021-04-14,411.45001220703125,-0.003415136352656255
2021-04-15,415.8699951171875,0.010742454196190973
2021-04-16,417.260009765625,0.0033424259137661747
2021-04-19,415.2099914550781,-0.004913047650308906
2021-04-20,412.1700134277344,-0.00732154353196158
2021-04-21,416.07000732421875,0.009462100030156996
2021-04-22,412.2699890136719,-0.009133122416069143
2021-04-23,416.739990234375,0.010842412350695963
2021-04-26,417.6099853515625,0.0020876209088986487
2021-04-27,417.5199890136719,-0.00021550331899957353
2021-04-28,417.3999938964844,-0.00028739969425408925
2021-04-29,420.05999755859375,0.006372792767143784
2021-04-30,417.29998779296875,-0.006570513216365024
2021-05-03,418.20001220703125,0.0021567803508037026
2021-05-04,415.6199951171875,-0.00616933767224881
2021-05-05,415.75,0.0003127974696593797
2021-05-06,419.07000732421875,0.007985585867032472
2021-05-07,422.1199951171875,0.007277991122397573
2021-05-10,417.94000244140625,-0.009902380186043579
2021-05-11,414.2099914550781,-0.008924752271950947
2021-05-12,405.4100036621094,-0.021245233032779524
2021-05-13,410.2799987792969,0.012012518372009432
2021-05-14,416.5799865722656,0.015355337359152428
2021-05-17,415.5199890136719,-0.0025445234835108155
2021-05-18,411.94000244140625,-0.008615678347420809
2021-05-19,410.8599853515625,-0.002621782500953813
2021-05-20,415.2799987792969,0.01075795547223291
2021-05-21,414.94000244140625,-0.0008187158998507852
2021-05-24,419.1700134277344,0.010194271368004451
2021-05-25,418.239990234375,-0.002218725489817779
2021-05-26,419.07000732421875,0.0019845474111134655
2021-05-27,419.2900085449219,0.0005249748654355937
2021-05-28,420.0400085449219,0.0017887380684380094
2021-06-01,419.6700134277344,-0.0008808568461590493
2021-06-02,420.3299865722656,0.00157260019399717
2021-06-03,418.7699890136719,-0.0037113639483952114
2021-06-04,422.6000061035156,0.00914587289042508
2021-06-07,422.19000244140625,-0.0009701932233501787
2021-06-08,422.2799987792969,0.00021316548797982294
2021-06-09,421.6499938964844,-0.0014919126755557508
2021-06-10,423.6099853515625,0.004648384877148381
2021-06-11,424.30999755859375,0.0016524922245406838
2021-06-14,425.260009765625,0.0022389578668837776
2021-06-15,424.4800109863281,-0.0018341691233247123
2021-06-16,422.1099853515625,-0.005583362168830042
2021-06-17,421.9700012207031,-0.00033162951770209013
2021-06-18,414.9200134277344,-0.01670731988666036
2021-06-21,420.8599853515625,0.014315944595578481
2021-06-22,423.1099853515625,0.005346196070696714
2021-06-23,422.6000061035156,-0.0012053113036865173
2021-06-24,425.1000061035156,0.005915759498090557
2021-06-25,426.6099853515625,0.003552056519329199
2021-06-28,427.4700012207031,0.0020159300032133558
2021-06-29,427.70001220703125,0.0005380751530430088
2021-06-30,428.05999755859375,0.0008416772066591538
2021-07-01,430.42999267578125,0.005536595642444002
2021-07-02,433.7200012207031,0.007643539253548378
2021-07-06,432.92999267578125,-0.0018214713241224737
2021-07-07,434.4599914550781,0.0035340558639527712
2021-07-08,430.9200134277344,-0.008147995435639033
2021-07-09,435.5199890136719,0.01067477824793329
2021-07-12,437.0799865722656,0.0035819195397361623
2021-07-13,435.5899963378906,-0.0034089646750015377
2021-07-14,436.239990234375,0.0014922149313552407
2021-07-15,434.75,-0.003415528763363683
2021-07-16,431.3399963378906,-0.007843596692603507
2021-07-19,424.9700012207031,-0.01476792129473094
2021-07-20,431.05999755859375,0.014330414665499783
2021-07-21,434.54998779296875,0.008096298088761084
2021-07-22,435.4599914550781,0.002094128840576392
2021-07-23,439.94000244140625,0.010287996771777554
2021-07-26,441.0199890136719,0.002454849675574714
2021-07-27,439.010009765625,-0.004557569493714182
2021-07-28,438.8299865722656,-0.0004100662612578795
2021-07-29,440.6499938964844,0.004147408745776389
2021-07-30,438.510009765625,-0.00485642609894621
2021-08-02,437.5899963378906,-0.0020980443028566307
2021-08-03,441.1499938964844,0.008135463763766787
2021-08-04,438.9800109863281,-0.004918923133126996
2021-08-05,441.760009765625,0.006332859605726915
2021-08-06,442.489990234375,0.001652436736266123
2021-08-09,442.1300048828125,-0.0008135446213638086
2021-08-10,442.67999267578125,0.0012439503921805204
2021-08-11,443.7799987792969,0.002484878742467291
2021-08-12,445.1099853515625,0.0029969502364324925
2021-08-13,445.9200134277344,0.0018198380239259028
2021-08-16,446.9700012207031,0.0023546550084119753
2021-08-17,444.0400085449219,-0.006555233388771632
2021-08-18,439.17999267578125,-0.010944995440988411
2021-08-19,439.8599853515625,0.0015483234371362756
2021-08-20,443.3599853515625,0.007957077516843434
2021-08-23,447.260009765625,0.00879651872725946
2021-08-24,447.9700012207031,0.0015874244054374046
2021-08-25,448.9100036621094,0.0020983602447591917
2021-08-26,446.260009765625,-0.0059031740769114206
2021-08-27,450.25,0.008940954033659741
2021-08-30,452.2300109863281,0.00439758131333287
2021-08-31,451.55999755859375,-0.0014815766566952384
2021-09-01,451.79998779296875,0.0005314692082392866
2021-09-02,453.19000244140625,0.003076615064174051
2021-09-03,453.0799865722656,-0.00024275881759957657
2021-09-07,451.4599914550781,-0.003575516829695838
2021-09-08,450.9100036621094,-0.0012182425981892922
2021-09-09,448.9800109863281,-0.004280217028024722
2021-09-10,445.44000244140625,-0.007884557125706142
2021-09-13,446.5799865722656,0.0025592316015877583
2021-09-14,444.1700134277344,-0.005396509510041081
2021-09-15,447.8800048828125,0.008352638275707763
2021-09-16,447.1700134277344,-0.001585226952169686
2021-09-17,441.3999938964844,-0.012903413372959709
2021-09-20,434.0400085449219,-0.016674185440266543
2021-09-21,433.6300048828125,-0.0009446218183523532
2021-09-22,437.8599853515625,0.009754814983094037
2021-09-23,443.17999267578125,0.012150019417616476
2021-09-24,443.9100036621094,0.001647211061854459
2021-09-27,442.6400146484375,-0.002860915508086976
2021-09-28,433.7200012207031,-0.020151846043153166
2021-09-29,434.45001220703125,0.001683138855191165
2021-09-30,429.1400146484375,-0.012222344134872167
2021-10-01,434.239990234375,0.011884176287115827
2021-10-04,428.6400146484375,-0.012896038393228112
2021-10-05,433.1000061035156,0.010404981575824474
2021-10-06,434.8999938964844,0.004156055801436616
2021-10-07,438.6600036621094,0.008645688246479865
2021-10-08,437.8599853515625,-0.0018237776498153508
2021-10-11,434.69000244140625,-0.007239718211772735
2021-10-12,433.6199951171875,-0.002461541140143845
2021-10-13,435.17999267578125,0.003597614446197654
2021-10-14,442.5,0.016820643061300655
2021-10-15,445.8699951171875,0.007615808174435028
2021-10-18,447.19000244140625,0.0029605206420580377
2021-10-19,450.6400146484375,0.007714868821297706
2021-10-20,452.4100036621094,0.003927722696913
2021-10-21,453.5899963378906,0.0026082373648451613
2021-10-22,453.1199951171875,-0.0010361807458227302
2021-10-25,455.54998779296875,0.005362801690428154
2021-10-26,455.9599914550781,0.0009000190387354528
2021-10-27,453.94000244140625,-0.004430189164680006
2021-10-28,458.32000732421875,0.00964886297584638
2021-10-29,459.25,0.0020291339259020536
2021-11-01,460.0400085449219,0.00172021457794638
2021-11-02,461.8999938964844,0.0040430947678779475
2021-11-03,464.7200012207031,0.00610523351695635
2021-11-04,466.9100036621094,0.004712520303954342
2021-11-05,468.5299987792969,0.0034696089278049573
2021-11-08,468.92999267578125,0.0008537209944432905
2021-11-09,467.3800048828125,-0.0033053714140234432
2021-11-10,463.6199951171875,-0.008044866546158212
2021-11-11,463.7699890136719,0.00032352766935011423
2021-11-12,467.2699890136719,0.007546844519723376
2021-11-15,467.42999267578125,0.00034242229518552164
2021-11-16,469.2799987792969,0.00395782498449736
2021-11-17,468.1400146484375,-0.0024292195146282196
2021-11-18,469.7300109863281,0.00339641194544046
2021-11-19,468.8900146484375,-0.00178825350359629
2021-11-22,467.57000732421875,-0.002815174738170656
2021-11-23,468.19000244140625,0.0013259941986774782
2021-11-24,469.44000244140625,0.0026698562410171003
2021-11-26,458.9700012207031,-0.02230317221849868
2021-11-29,464.6000061035156,0.012266607551340205
2021-11-30,455.55999755859375,-0.01945761607008612
2021-12-01,450.5,-0.01110720341055173
2021-12-02,457.3999938964844,0.01531630165701304
2021-12-03,453.4200134277344,-0.008701312903057716
2021-12-06,458.7900085449219,0.011843312950815225
2021-12-07,468.2799987792969,0.020684823247291356
2021-12-08,469.5199890136719,0.0026479675356781886
2021-12-09,466.3500061035156,-0.006751539837133417
2021-12-10,470.739990234375,0.009413496458462426
2021-12-13,466.57000732421875,-0.008858357047762338
2021-12-14,463.3599853515625,-0.006880043556733836
2021-12-15,470.6000061035156,0.015625045279773014
2021-12-16,466.45001220703125,-0.008818516452742078
2021-12-17,459.8699951171875,-0.014106585738330405
2021-12-20,454.9800109863281,-0.010633405490204407
2021-12-21,463.05999755859375,0.017758992432984982
2021-12-22,467.69000244140625,0.009998714868966063
2021-12-23,470.6000061035156,0.006222077972414965
2021-12-27,477.260009765625,0.014152153794584538
2021-12-28,476.8699951171875,-0.00081719532426157
2021-12-29,477.4800109863281,0.0012792079086265803
2021-12-30,476.1600036621094,-0.002764528972620272
2021-12-31,474.9599914550781,-0.002520186907346375
2022-01-03,477.7099914550781,0.0057899613640617475
2022-01-04,477.54998779296875,-0.00033493890638965437
2022-01-05,468.3800048828125,-0.019202142486770817
2022-01-06,467.94000244140625,-0.0009394133755055097
2022-01-07,466.0899963378906,-0.003953511334494802
2022-01-10,465.510009765625,-0.0012443660598224155
2022-01-11,469.75,0.00910826866324475
2022-01-12,471.0199890136719,0.0027035423388438
2022-01-13,464.5299987792969,-0.013778587715492093
2022-01-14,464.7200012207031,0.00040902082084158823
2022-01-18,456.489990234375,-0.01770961216368985
2022-01-19,451.75,-0.01038355787810671
2022-01-20,446.75,-0.011068068622025456
2022-01-21,437.9800109863281,-0.019630641328868215
2022-01-24,439.8399963378906,0.004246735706896361
2022-01-25,434.4700012207031,-0.012208974085799606
2022-01-26,433.3800048828125,-0.0025087953939929813
2022-01-27,431.239990234375,-0.004937963506221677
2022-01-28,441.95001220703125,0.024835410015744252
2022-01-31,449.9100036621094,0.01801106739499143
2022-02-01,452.95001220703125,0.006756925874457721
2022-02-02,457.3500061035156,0.009714082741813143
2022-02-03,446.6000061035156,-0.023504973994833332
2022-02-04,448.70001220703125,0.004702207959730464
2022-02-07,447.260009765625,-0.0032092765817484077
2022-02-08,450.94000244140625,0.008227859847585423
2022-02-09,457.5400085449219,0.014636106949445475
2022-02-10,449.32000732421875,-0.017965644680657637
2022-02-11,440.4599914550781,-0.019718721011119912
2022-02-14,439.0199890136719,-0.0032693149646784974
2022-02-15,446.1000061035156,0.016126867265771047
2022-02-16,446.6000061035156,0.0011208249118113151
2022-02-17,437.05999755859375,-0.021361416064805506
2022-02-18,434.2300109863281,-0.00647505282586798
2022-02-22,429.57000732421875,-0.01073164807638341
2022-02-23,421.95001220703125,-0.017738657232268768
2022-02-24,428.29998779296875,0.015049118147250727
2022-02-25,437.75,0.02206400298007757
2022-02-28,436.6300048828125,-0.0025585268239577386
2022-03-01,429.9800109863281,-0.015230272363598037
2022-03-02,437.8900146484375,0.018396212521518553
2022-03-03,435.7099914550781,-0.004978472037343942
2022-03-04,432.1700134277344,-0.008124619808514819
2022-03-07,419.42999267578125,-0.029479187255280166
2022-03-08,416.25,-0.00758170071599858
2022-03-09,427.4100036621094,0.026810819608671172
2022-03-10,425.4800109863281,-0.004515553354495215
2022-03-11,420.07000732421875,-0.012715059514942086
2022-03-14,417.0,-0.0073083230668483665
2022-03-15,426.1700134277344,0.02199043987466277
2022-03-16,435.6199951171875,0.0221742060485341
2022-03-17,441.07000732421875,0.012510932161332781
2022-03-18,444.5199890136719,0.007821846038416156
2022-03-21,444.3900146484375,-0.00029239262225928256
2022-03-22,449.5899963378906,0.011701391836103463
2022-03-23,443.79998779296875,-0.012878419431224128
2022-03-24,450.489990234375,0.015074363734609011
2022-03-25,452.69000244140625,0.0048835984255425
2022-03-28,455.9100036621094,0.007113038068738672
2022-03-29,461.54998779296875,0.01237082776327795
2022-03-30,458.70001220703125,-0.006174792896356603
2022-03-31,451.6400146484375,-0.015391317572948452
2022-04-01,452.9200134277344,0.0028341128726010753
2022-04-04,456.79998779296875,0.008566577431344716
2022-04-05,451.0299987792969,-0.012631324798298711
2022-04-06,446.5199890136719,-0.009999356534667861
2022-04-07,448.7699890136719,0.005038968143330103
2022-04-08,447.57000732421875,-0.0026739347969557906
2022-04-11,439.9200134277344,-0.017092284494708638
2022-04-12,438.2900085449219,-0.0037052301169750276
2022-04-13,443.30999755859375,0.011453578488676314
2022-04-14,437.7900085449219,-0.012451758462637153
2022-04-18,437.9700012207031,0.00041113929570820904
2022-04-19,445.0400085449219,0.016142674851047645
2022-04-20,444.7099914550781,-0.0007415447679024534
2022-04-21,438.05999755859375,-0.01495355180738303
2022-04-22,426.0400085449219,-0.02743913865831612
2022-04-25,428.510009765625,0.0057975804411868675
2022-04-26,416.1000061035156,-0.028960825603343707
2022-04-27,417.2699890136719,0.0028117829680232844
2022-04-28,427.80999755859375,0.025259445496753737
2022-04-29,412.0,-0.03695565238965314
2022-05-02,414.4800109863281,0.006019444141573119
2022-05-03,416.3800048828125,0.004584042284603798
2022-05-04,429.05999755859375,0.030452933683378848
2022-05-05,413.80999755859375,-0.03554281472701825
2022-05-06,411.3399963378906,-0.005968925920774505
2022-05-09,398.1700134277344,-0.032017268020146324
2022-05-10,399.0899963378906,0.002310527862800049
2022-05-11,392.75,-0.015886131940332702
2022-05-12,392.3399963378906,-0.0010439303936584977
2022-05-13,401.7200012207031,0.023907847709552055
2022-05-16,400.0899963378906,-0.004057564666582241
2022-05-17,408.32000732421875,0.020570399314302226
2022-05-18,391.8599853515625,-0.04031157346543267
2022-05-19,389.4599914550781,-0.0061246210029104855
2022-05-20,389.6300048828125,0.0004365363104414925
2022-05-23,396.9200134277344,0.018710079956789936
2022-05-24,393.8900146484375,-0.007633776773134506
2022-05-25,397.3699951171875,0.008834904007038668
2022-05-26,405.30999755859375,0.019981383946879736
2022-05-27,415.260009765625,0.02454914082298901
2022-05-31,412.92999267578125,-0.005610983564631769
2022-06-01,409.5899963378906,-0.008088529283735216
2022-06-02,417.3900146484375,0.019043478552421143
2022-06-03,410.5400085449219,-0.016411523666385028
2022-06-06,411.7900085449219,0.003044770239154957
2022-06-07,415.739990234375,0.009592223238758413
2022-06-08,411.2200012207031,-0.010872153557139677
2022-06-09,401.44000244140625,-0.023782886898168938
2022-06-10,389.79998779296875,-0.02899565209657068
2022-06-13,375.0,-0.03796815868765328
2022-06-14,373.8699951171875,-0.0030133463541666666
2022-06-15,379.20001220703125,0.0142563381909615
2022-06-16,366.6499938964844,-0.0330960387830762
2022-06-17,365.8599853515625,-0.002154666734141326
2022-06-21,375.07000732421875,0.02517362472369354
2022-06-22,374.3900146484375,-0.0018129753446093316
2022-06-23,378.05999755859375,0.00980256621855277
2022-06-24,390.0799865722656,0.03179386629448664
2022-06-27,388.5899963378906,-0.0038197043828573007
2022-06-28,380.6499938964844,-0.020432853434811996
2022-06-29,380.3399963378906,-0.0008143900264400164
2022-06-30,377.25,-0.008124300277758588
2022-07-01,381.239990234375,0.010576514869118621
2022-07-05,381.9599914550781,0.0018885773768394277
2022-07-06,383.25,0.00337733944334741
2022-07-07,388.989990234375,0.014977143468688845
2022-07-08,388.6700134277344,-0.0008225836516971348
2022-07-11,384.2300109863281,-0.01142357858340873
2022-07-12,380.8299865722656,-0.00884892985150887
2022-07-13,378.8299865722656,-0.0052516872896522385
2022-07-14,377.9100036621094,-0.002428484921377136
2022-07-15,385.1300048828125,0.01910508097361337
2022-07-18,381.95001220703125,-0.008256933075751548
2022-07-19,392.2699890136719,0.027019181769385073
2022-07-20,394.7699890136719,0.006373161521446054
2022-07-21,398.7900085449219,0.010183194374258213
2022-07-22,395.0899963378906,-0.009278096561475062
2022-07-25,395.57000732421875,0.0012149408761987683
2022-07-26,390.8900146484375,-0.011831009907546946
2022-07-27,401.0400085449219,0.025966367817333927
2022-07-28,406.07000732421875,0.01254238647547168
2022-07-29,411.989990234375,0.014578724858715197
2022-08-01,410.7699890136719,-0.002961239956361766
2022-08-02,408.05999755859375,-0.006597345296780985
2022-08-03,414.45001220703125,0.015659497835290633
2022-08-04,414.1700134277344,-0.0006755911956808111
2022-08-05,413.4700012207031,-0.0016901566611204947
2022-08-08,412.989990234375,-0.0011609330420852067
2022-08-09,411.3500061035156,-0.003971002129927341
2022-08-10,419.989990234375,0.02100397229284381
2022-08-11,419.989990234375,0.0
2022-08-12,427.1000061035156,0.016929012677594737
2022-08-15,428.8599853515625,0.0041207661505401885
2022-08-16,429.70001220703125,0.0019587438421892617
2022-08-17,426.6499938964844,-0.007098017742381081
2022-08-18,427.8900146484375,0.002906412210693677
2022-08-19,422.1400146484375,-0.013438032679319027
2022-08-22,413.3500061035156,-0.020822495475209295
2022-08-23,412.3500061035156,-0.002419257252289889
2022-08-24,413.6700134277344,0.003201181774415635
2022-08-25,419.510009765625,0.014117523988503548
2022-08-26,405.30999755859375,-0.033849042636586
2022-08-29,402.6300048828125,-0.006612204712255626
2022-08-30,398.2099914550781,-0.010977854044983165
2022-08-31,395.17999267578125,-0.007609047598793582
2022-09-01,396.4200134277344,0.0031378631887634023
2022-09-02,392.239990234375,-0.010544430280438843
2022-09-06,390.760009765625,-0.0037731503813919326
2022-09-07,397.7799987792969,0.0179649627347548
2022-09-08,400.3800048828125,0.006536291697658245
2022-09-09,406.6000061035156,0.015535244379957638
2022-09-12,410.9700012207031,0.010747651381183084
2022-09-13,393.1000061035156,-0.04348248062901988
2022-09-14,394.6000061035156,0.0038158228865684696
2022-09-15,390.1199951171875,-0.011353296799374305
2022-09-16,385.55999755859375,-0.011688705054002628
2022-09-19,388.54998779296875,0.00775492855407182
2022-09-20,384.0899963378906,-0.01147855255487627
2022-09-21,377.3900146484375,-0.017443780763191332
2022-09-22,374.2200012207031,-0.008399833871300071
2022-09-23,367.95001220703125,-0.016754820675589796
2022-09-26,364.30999755859375,-0.009892687940418941
2022-09-27,363.3800048828125,-0.0025527509044867064
2022-09-28,370.5299987792969,0.01967635478124394
2022-09-29,362.7900085449219,-0.02088897055535107
2022-09-30,357.17999267578125,-0.01546353465367273
2022-10-03,366.6099853515625,0.026401234305251316
2022-10-04,377.9700012207031,0.030986651545366065
2022-10-05,377.0899963378906,-0.0023282400189708445
2022-10-06,373.20001220703125,-0.01031579773697779
2022-10-07,362.7900085449219,-0.027893899575583254
2022-10-10,360.0199890136719,-0.007635324749873884
2022-10-11,357.739990234375,-0.0063329783036305005
2022-10-12,356.55999755859375,-0.0032984645496528706
2022-10-13,365.9700012207031,0.026391080677980492
2022-10-14,357.6300048828125,-0.022788743093893858
2022-10-17,366.82000732421875,0.025696955836850468
2022-10-18,371.1300048828125,0.011749625081884646
2022-10-19,368.5,-0.0070864787223090375
2022-10-20,365.4100036621094,-0.008385336059404681
2022-10-21,374.2900085449219,0.02430148270112425
2022-10-24,378.8699951171875,0.012236464954195912
2022-10-25,384.9200134277344,0.015968586556123442
2022-10-26,382.0199890136719,-0.007534096209333517
2022-10-27,379.9800109863281,-0.005339977189703396
2022-10-28,389.0199890136719,0.023790667313994613
2022-10-31,386.2099914550781,-0.007223272936998089
2022-11-01,384.5199890136719,-0.004375864112264485
2022-11-02,374.8699951171875,-0.025096208707478307
2022-11-03,371.010009765625,-0.010296863984421683
2022-11-04,376.3500061035156,0.014393132792465669
2022-11-07,379.95001220703125,0.009565580032235838
2022-11-08,382.0,0.005395414467974094
2022-11-09,374.1300048828125,-0.020602081458606022
2022-11-10,394.69000244140625,0.05495415307583707
2022-11-11,398.510009765625,0.009678500343534416
2022-11-14,395.1199951171875,-0.008506723960161661
2022-11-15,398.489990234375,0.008529042212070292
2022-11-16,395.45001220703125,-0.007628743762310725
2022-11-17,394.239990234375,-0.0030598607543417225
2022-11-18,396.0299987792969,0.004540403280392022
2022-11-21,394.5899963378906,-0.0036360943510462384
2022-11-22,399.8999938964844,0.013456999943928523
2022-11-23,402.4200134277344,0.006301624330362747
2022-11-25,402.3299865722656,-0.00022371366349779423
2022-11-28,395.9100036621094,-0.015957008238070038
2022-11-29,395.2300109863281,-0.0017175435565947251
2022-11-30,407.67999267578125,0.03150059798946745
2022-12-01,407.3800048828125,-0.0007358413421266998
2022-12-02,406.9100036621094,-0.0011537169597666587
2022-12-05,399.5899963378906,-0.01798925378668535
2022-12-06,393.8299865722656,-0.014414799715742568
2022-12-07,393.1600036621094,-0.0017011983165312167
2022-12-08,396.239990234375,0.007833926502128724
2022-12-09,393.2799987792969,-0.007470198687737947
2022-12-12,398.95001220703125,0.014417243300787096
2022-12-13,401.9700012207031,0.007569843141412617
2022-12-14,399.3999938964844,-0.0063935301550218865
2022-12-15,389.6300048828125,-0.024461665405543394
2022-12-16,383.2699890136719,-0.016323218924203495
2022-12-19,380.0199890136719,-0.008479662100243562
2022-12-20,380.5400085449219,0.0013684004691429308
2022-12-21,386.2300109863281,0.014952442091866297
2022-12-22,380.7200012207031,-0.014266135745262025
2022-12-23,382.9100036621094,0.005752265272075126
2022-12-27,381.3999938964844,-0.003943510880320263
2022-12-28,376.6600036621094,-0.012427871814967776
2022-12-29,383.44000244140625,0.018000315173837815
2022-12-30,382.42999267578125,-0.0026340751074331124
2023-01-03,380.82000732421875,-0.0042098825468624345
2023-01-04,383.760009765625,0.007720189025948996
2023-01-05,379.3800048828125,-0.011413395797773496
2023-01-06,388.0799865722656,0.02293210389973104
2023-01-09,387.8599853515625,-0.0005668965891446656
2023-01-10,390.5799865722656,0.00701284309655628
2023-01-11,395.5199890136719,0.012647863718670707
2023-01-12,396.9599914550781,0.0036407829728081673
2023-01-13,398.5,0.0038795056884118
2023-01-17,397.7699890136719,-0.0018318970798698244
2023-01-18,391.489990234375,-0.015788015568668313
2023-01-19,388.6400146484375,-0.0072798172546666975
2023-01-20,395.8800048828125,0.01862903962919071
2023-01-23,400.6300048828125,0.011998585281936845
2023-01-24,400.20001220703125,-0.0010732912426442605
2023-01-25,400.3500061035156,0.00037479733110747695
2023-01-26,404.75,0.010990368001509909
2023-01-27,405.67999267578125,0.0022976965430049415
2023-01-30,400.5899963378906,-0.012546826143231918
2023-01-31,406.4800109863281,0.01470334931546662
2023-02-01,410.79998779296875,0.010627771821197689
2023-02-02,416.7799987792969,0.014556989201620612
2023-02-03,412.3500061035156,-0.01062909134017039
2023-02-06,409.8299865722656,-0.006111360480051451
2023-02-07,415.19000244140625,0.013078632712971308
2023-02-08,410.6499938964844,-0.010934773280246758
2023-02-09,407.0899963378906,-0.008669177186183388
2023-02-10,408.0400085449219,0.0023336663037102144
2023-02-13,412.8299865722656,0.011738991096546879
2023-02-14,412.6400146484375,-0.000460169876237589
2023-02-15,413.9800109863281,0.0032473737163669883
2023-02-16,408.2799987792969,-0.013768810222142575
2023-02-17,407.260009765625,-0.002498258589011235
2023-02-21,399.0899963378906,-0.020060927249980067
2023-02-22,398.5400085449219,-0.0013781046831930644
2023-02-23,400.6600036621094,0.005319403502116758
2023-02-24,396.3800048828125,-0.01068237093839381
2023-02-27,397.7300109863281,0.0034058380515806963
2023-02-28,396.260009765625,-0.003695977623256737
2023-03-01,394.739990234375,-0.003835914535380551
2023-03-02,397.80999755859375,0.007777289862108847
2023-03-03,404.19000244140625,0.01603781936594689
2023-03-06,404.4700012207031,0.0006927404874084318
2023-03-07,398.2699890136719,-0.015328731891906493
2023-03-08,398.9200134277344,0.0016321199989793502
2023-03-09,391.55999755859375,-0.018449853658379853
2023-03-10,385.9100036621094,-0.014429446142896402
2023-03-13,385.3599853515625,-0.0014252502016725477
2023-03-14,391.7300109863281,0.016530065073970444
2023-03-15,389.2799987792969,-0.006254338800497873
2023-03-16,396.1099853515625,0.017545177234081066
2023-03-17,389.989990234375,-0.015450241961852525
2023-03-20,393.739990234375,0.009615631410812201
2023-03-21,398.9100036621094,0.013130526631691406
2023-03-22,392.1099853515625,-0.01704649732551387
2023-03-23,393.1700134277344,0.002703394750892311
2023-03-24,395.75,0.006562012575101517
2023-03-27,396.489990234375,0.0018698426642451043
2023-03-28,395.6000061035156,-0.0022446572493123556
2023-03-29,401.3500061035156,0.014534883496678745
2023-03-30,403.70001220703125,0.005855253688247147
2023-03-31,409.3900146484375,0.014094630342711561
2023-04-03,410.95001220703125,0.003810541299922504
2023-04-04,408.6700134277344,-0.00554811707402564
2023-04-05,407.6000061035156,-0.002618267279372972
2023-04-06,409.19000244140625,0.0039008741758625575
2023-04-10,409.6099853515625,0.001026376274225784
2023-04-11,409.7200012207031,0.00026858688282757544
2023-04-12,408.04998779296875,-0.004075987071070011
2023-04-13,413.4700012207031,0.01328271924979033
2023-04-14,412.4599914550781,-0.0024427643181926376
2023-04-17,413.94000244140625,0.003588253447581512
2023-04-18,414.2099914550781,0.0006522418999842671
2023-04-19,414.1400146484375,-0.0001689404120716729
2023-04-20,411.8800048828125,-0.005457115192173635
2023-04-21,412.20001220703125,0.000776943091252507
2023-04-24,412.6300048828125,0.0010431651214150917
2023-04-25,406.0799865722656,-0.01587382941869942
2023-04-26,404.3599853515625,-0.004235621743444466
2023-04-27,412.4100036621094,0.019908048773787424
2023-04-28,415.92999267578125,0.008535168842693322
2023-05-01,415.510009765625,-0.001009744229922914
2023-05-02,410.8399963378906,-0.01123923207137313
2023-05-03,408.0199890136719,-0.0068640038685509755
2023-05-04,405.1300048828125,-0.007082947425800107
2023-05-05,412.6300048828125,0.018512575986983346
2023-05-08,412.739990234375,0.00026654714940988356
2023-05-09,410.92999267578125,-0.004385321513347762
2023-05-10,412.8500061035156,0.004672361380176117
2023-05-11,412.1300048828125,-0.0017439777402415639
2023-05-12,411.5899963378906,-0.0013102868961832183
2023-05-15,413.010009765625,0.0034500678839838213
2023-05-16,410.25,-0.006682670396272601
2023-05-17,415.2300109863281,0.012138966450525594
2023-05-18,419.2300109863281,0.00963321507156597
2023-05-19,418.6199951171875,-0.0014550863563069648
2023-05-22,418.7900085449219,0.0004061283018427771
2023-05-23,414.0899963378906,-0.011222837486885982
2023-05-24,411.0899963378906,-0.0072448019187405085
2023-05-25,414.6499938964844,0.008659898295524689
2023-05-26,420.0199890136719,0.012950669712364922
2023-05-30,420.17999267578125,0.0003809429700836614
2023-05-31,417.8500061035156,-0.0055452106546717145
2023-06-01,421.82000732421875,0.009501019894013406
2023-06-02,427.9200134277344,0.014461158782416515
2023-06-05,427.1000061035156,-0.0019162630830241128
2023-06-06,428.0299987792969,0.0021774588210983284
2023-06-07,426.54998779296875,-0.0034577272400275294
2023-06-08,429.1300048828125,0.0060485691329945435
2023-06-09,429.8999938964844,0.0017943024372815526
2023-06-12,433.79998779296875,0.009071863112013568
2023-06-13,436.6600036621094,0.006592936721117588
2023-06-14,437.17999267578125,0.0011908327057914977
2023-06-15,442.6000061035156,0.01239767033839065
2023-06-16,439.4599914550781,-0.007094474932526573
2023-06-20,437.17999267578125,-0.005188182823532271
2023-06-21,434.94000244140625,-0.005123725403500356
2023-06-22,436.510009765625,0.0036097101103738016
2023-06-23,433.2099914550781,-0.007560006040454264
2023-06-26,431.44000244140625,-0.004085752980273574
2023-06-27,436.1700134277344,0.010963311143060978
2023-06-28,436.3900146484375,0.0005043932731051336
2023-06-29,438.1099853515625,0.003941361271775742
2023-06-30,443.2799987792969,0.011800720368392617
2023-07-03,443.7900085449219,0.0011505363811348658
2023-07-05,443.1300048828125,-0.0014871981103706333
2023-07-06,439.6600036621094,-0.007830661842952343
2023-07-07,438.54998779296875,-0.002524714233486888
2023-07-10,439.6600036621094,0.002531104549168618
2023-07-11,442.4599914550781,0.006368529703967833
2023-07-12,446.0199890136719,0.008045919692956437
2023-07-13,449.55999755859375,0.007936883171425223
2023-07-14,449.2799987792969,-0.0006228285007951161
2023-07-17,450.8399963378906,0.0034722167976146186
2023-07-18,454.19000244140625,0.00743058763802513
2023-07-19,455.20001220703125,0.0022237604531053024
2023-07-20,452.17999267578125,-0.006634489126235905
2023-07-21,452.17999267578125,0.0
2023-07-24,454.20001220703125,0.0044672908221712925
2023-07-25,455.44000244140625,0.0027300532828030697
2023-07-26,455.510009765625,0.00015371360408280487
2023-07-27,452.489990234375,-0.006629974021435665
2023-07-28,456.9200134277344,0.009790323076682355
2023-07-31,457.7900085449219,0.0019040424836306647
2023-08-01,456.4800109863281,-0.0028615686977475894
2023-08-02,450.1300048828125,-0.013910808689727735
2023-08-03,448.8399963378906,-0.00286585770983589
2023-08-04,446.80999755859375,-0.0045227671238297455
2023-08-07,450.7099914550781,0.008728528720919988
2023-08-08,448.75,-0.004348675405997685
2023-08-09,445.75,-0.006685236768802228
2023-08-10,445.9100036621094,0.00035895381292063935
2023-08-11,445.6499938964844,-0.0005830991982454463
2023-08-14,448.1099853515625,0.005520007828496755
2023-08-15,442.8900146484375,-0.011648860489082155
2023-08-16,439.6400146484375,-0.007338164990194741
2023-08-17,436.2900085449219,-0.007619884432481631
2023-08-18,436.5,0.0004813116297998
2023-08-21,439.3399963378906,0.006506291724835338
2023-08-22,438.1499938964844,-0.002708613946659741
2023-08-23,443.0299987792969,0.011137749516813712
2023-08-24,436.8900146484375,-0.013859070825400506
2023-08-25,439.9700012207031,0.007049798505337939
2023-08-28,442.760009765625,0.006341360859106203
2023-08-29,449.1600036621094,0.01445476952598364
2023-08-30,451.010009765625,0.004118813092065369
2023-08-31,450.3500061035156,-0.0014633902747576647
2023-09-01,451.19000244140625,0.0018652077861803045
2023-09-05,449.239990234375,-0.004321931329328354
2023-09-06,446.2200012207031,-0.006722440297659839
2023-09-07,444.8500061035156,-0.003070223462506541
2023-09-08,445.5199890136719,0.0015060872225779996
2023-09-11,448.45001220703125,0.006576636886363049
2023-09-12,445.989990234375,-0.005485610225651097
2023-09-13,446.510009765625,0.0011659892433386707
2023-09-14,450.3599853515625,0.008622372403159268
2023-09-15,443.3699951171875,-0.015520895420845249
2023-09-18,443.6300048828125,0.0005864396970667277
2023-09-19,442.7099914550781,-0.0020738304839804556
2023-09-20,438.6400146484375,-0.009193324942280203
2023-09-21,431.3900146484375,-0.016528359834683006
2023-09-22,430.4200134277344,-0.0022485481530990703
2023-09-25,432.2300109863281,0.004205189122549109
2023-09-26,425.8800048828125,-0.0146912660900737
2023-09-27,426.04998779296875,0.00039913334321254045
2023-09-28,428.5199890136719,0.005797444646104244
2023-09-29,427.4800109863281,-0.0024269066881511788
2023-10-02,427.30999755859375,-0.0003977108247520197
2023-10-03,421.5899963378906,-0.013386069255069992
2023-10-04,424.6600036621094,0.007281973839242237
2023-10-05,424.5,-0.0003767806262175932
2023-10-06,429.5400085449219,0.011872811648814782
2023-10-09,432.2900085449219,0.006402197572504823
2023-10-10,434.5400085449219,0.00520483924107672
2023-10-11,436.32000732421875,0.004096282837700691
2023-10-12,433.6600036621094,-0.006096451268467254
2023-10-13,431.5,-0.004980868984616723
2023-10-16,436.0400085449219,0.010521456651035632
2023-10-17,436.0199890136719,-4.5912143054959e-05
2023-10-18,430.2099914550781,-0.013325071567788997
2023-10-19,426.42999267578125,-0.00878640397567702
2023-10-20,421.19000244140625,-0.012288043346798578
2023-10-23,420.4599914550781,-0.0017332106225139575
2023-10-24,423.6300048828125,0.007539393740564871
2023-10-25,417.54998779296875,-0.014352187096675665
2023-10-26,412.54998779296875,-0.01197461416878096
2023-10-27,410.67999267578125,-0.0045327722034158085
2023-10-30,415.5899963378906,0.01195578978688077
2023-10-31,418.20001220703125,0.006280266349381956
