Unnamed: 0,coef
5748,0
2743,1
16479,0
15556,0
3413,0
7084,0
14173,0
3956,0
11228,0
8325,0
6288,0
3988,0
15379,0
3116,1
11924,1
7361,0
16384,1
3677,0
17196,0
1692,1
16980,0
10267,0
6364,0
4906,1
4316,1
17014,1
1983,0
7061,0
7298,0
1754,1
4106,0
16360,0
15096,0
17073,1
9333,0
11233,0
819,0
3178,0
9828,0
15573,1
8192,0
13953,1
1101,0
2014,0
14976,-1
17459,1
14384,0
14948,1
16557,0
11126,0
2281,0
13968,1
15445,0
5919,0
3412,-1
11598,0
16592,-1
14291,0
14319,1
9482,0
1360,-1
6665,0
6942,0
221,-1
4627,1
4122,0
7709,0
9403,0
16961,0
6747,1
8378,0
6171,0
11319,0
10745,1
10922,1
5111,0
4790,0
2039,0
5245,0
10222,0
13325,0
7945,0
14813,0
11601,0
10445,0
7101,-1
15345,0
13030,1
14230,0
1264,1
7081,1
9424,0
6440,0
8117,0
15416,0
2565,0
15273,0
3227,0
9588,0
7637,0
1640,0
9650,-1
15162,0
2975,0
11155,0
2362,0
10553,0
13684,1
1695,0
6613,0
17,0
7317,0
4946,0
14860,1
8483,0
13221,1
941,0
999,0
13436,0
484,0
1884,0
6441,0
8770,0
5219,0
2854,0
9077,0
10059,0
7092,-1
1751,0
2488,0
4943,0
11523,1
8827,0
5710,0
2491,1
6,0
2964,0
8032,0
15857,0
10825,0
2113,0
12832,0
6780,0
12788,0
11716,0
1258,0
16325,0
6429,0
12733,0
3334,-1
9239,0
16745,0
7078,0
13034,0
4130,0
1911,-1
16975,0
10233,0
32,0
5421,-1
5255,0
17247,0
1661,0
12382,0
3806,0
14877,0
4699,0
2006,0
9338,0
6828,0
3161,0
7998,0
17035,0
9445,0
3696,-1
7714,0
13848,0
7710,0
6682,0
14337,0
9533,0
5408,1
11505,0
7810,0
5619,0
11139,0
4780,0
5050,0
9632,0
13917,0
9772,0
5705,0
17536,0
2458,0
17514,0
10965,0
10475,0
2971,0
11098,1
14639,0
1577,0
15066,-1
1090,0
9689,-1
4987,0
1452,0
8620,0
9516,-1
7971,-1
9565,0
2187,0
1275,0
14824,1
8553,0
14184,0
16113,0
16482,-1
6331,0
1653,0
12847,0
12107,0
11864,0
10798,0
5375,1
14619,0
12266,1
2294,0
14556,0
6755,1
9641,0
2845,0
16125,0
12092,0
13577,0
1511,1
15383,0
15244,0
4082,0
17367,0
13427,0
5167,0
4241,0
16663,0
16789,0
10399,0
14189,0
16656,0
17489,0
10723,0
12510,0
10315,0
3999,0
5829,0
15878,1
8042,-1
5501,0
9074,0
3416,1
12165,0
3884,0
9459,-1
3933,0
1951,0
9256,0
14785,0
1037,0
7627,0
6858,0
16731,1
15521,0
7616,0
821,0
11355,0
9603,-1
3777,0
6426,0
6516,-1
5124,0
3839,1
1085,0
15115,0
2350,0
9988,0
6431,0
5591,1
9172,1
9799,0
7436,-1
7064,0
13524,1
3196,1
9745,0
10073,0
5806,0
15168,0
2683,0
7373,0
14986,0
5901,0
2310,0
9734,0
16948,1
4636,0
10181,0
9133,-1
12694,0
14676,-1
12989,0
16326,0
16602,0
13642,0
867,0
11729,0
8610,0
17003,0
3398,0
14458,1
6810,0
15869,1
16274,1
7702,0
16291,0
8524,0
10344,0
11152,1
12141,1
7526,0
13923,1
1756,1
15188,0
15886,0
1186,0
1208,0
4551,0
12263,1
5097,1
8854,0
920,0
7300,0
13629,0
15694,1
7166,0
12045,0
14944,0
15634,0
8432,0
7861,1
16002,0
3030,0
6243,0
15893,0
9522,0
3603,1
1538,0
16733,0
13919,0
16095,0
16446,0
3936,0
15010,0
10072,0
8859,1
3018,0
13673,0
9379,0
10388,0
6184,0
2585,0
4486,0
6393,0
13573,1
6484,1
14185,0
13993,1
4625,1
12680,0
16674,0
16191,1
911,0
3650,-1
3764,0
5889,0
16678,0
3084,0
10321,-1
14429,0
17491,0
5932,0
16720,1
12241,0
12296,0
6829,0
8772,0
16574,0
15994,0
4975,0
7511,0
8350,0
5380,1
1766,1
7838,0
4669,0
9535,0
7589,0
4413,1
1245,0
9819,0
2243,0
454,0
3850,0
16940,0
13359,0
17557,0
9723,0
8396,0
17053,1
13270,0
16600,0
4835,0
4080,1
12315,0
9538,0
13430,0
3408,1
2064,0
8872,0
9627,0
1526,0
4421,0
937,0
5663,0
16034,1
14778,1
2967,0
2672,0
15322,0
3035,0
207,0
17178,1
1892,0
4427,0
1739,0
9061,0
917,1
1476,0
2800,0
16677,1
5755,0
4151,0
10020,0
4464,0
9894,-1
1942,0
17262,0
14165,0
5886,0
13376,1
10816,0
14892,1
7888,0
5080,0
14795,1
3372,0
12038,0
10341,0
10514,1
4720,1
3735,0
8537,0
599,0
7267,0
219,0
1072,1
1827,0
1726,0
8335,0
15022,0
543,0
1965,0
11133,0
6413,0
5291,0
3097,0
4939,1
7420,0
17435,0
15220,0
2382,1
16500,0
571,-1
8889,1
4756,0
15024,1
13634,1
8261,1
13803,0
16200,0
13697,0
9949,0
4961,0
5746,0
11966,0
3464,1
12319,1
13645,0
5940,0
11570,1
15242,1
339,1
9613,0
16207,0
9088,0
6518,0
12948,0
13825,1
7958,0
13105,1
2078,0
8958,0
8194,0
15785,0
17405,0
760,0
14998,0
16000,0
10584,0
542,1
14504,0
11666,1
2437,0
10147,0
7294,0
13891,0
13171,0
3810,0
5925,0
1092,0
929,-1
5280,0
7182,1
15315,0
7824,0
3726,0
6147,0
6210,0
7845,0
3377,1
5055,1
17088,1
10728,0
15128,1
19,1
9847,0
7984,0
2938,0
16620,0
12813,0
5985,0
17539,0
11952,0
5880,0
8529,0
11363,0
14438,0
11074,-1
4978,0
3423,0
5092,1
13265,1
17411,0
14139,0
17413,0
4235,0
480,0
1368,0
5840,1
14376,0
11445,0
10535,0
1689,0
16437,1
14685,0
9968,0
11161,-1
6349,1
16742,0
3456,1
8708,0
11083,0
7129,1
11486,0
11436,1
7740,1
13640,0
13745,0
7476,0
2703,1
4029,0
3452,0
6445,0
11072,0
2327,0
12387,0
7612,0
2755,0
7843,-1
13806,0
9180,0
13451,1
2188,0
3622,1
10322,0
8740,-1
6950,0
6341,0
3904,0
12639,0
12076,0
15251,0
879,1
2645,0
4827,0
8063,-1
6528,1
909,0
11005,0
8185,0
9912,-1
9453,0
7382,0
630,-1
8237,0
3182,0
17298,1
5253,-1
10871,0
6261,0
6358,0
10060,0
2504,1
11708,0
12460,0
5278,0
6072,0
6822,0
5830,0
12599,0
2318,0
9731,-1
16878,0
594,0
6503,0
15160,0
5258,0
5638,1
10645,0
1410,1
8647,-1
13457,1
13440,0
15591,0
9975,0
12608,1
14058,-1
9305,0
3235,0
11464,0
10507,1
8882,1
9573,0
7217,1
14751,0
1655,1
14408,0
15343,0
7840,0
7515,0
2169,0
2120,0
2459,-1
9617,0
15501,0
5317,0
11996,0
9852,0
14893,0
13497,0
5137,0
14557,1
14502,0
9611,1
3657,0
4352,0
10105,0
809,0
14045,1
12333,0
1586,1
8104,0
13028,0
16499,1
5310,0
3074,0
16282,-1
2257,0
15478,0
15676,0
2394,0
14073,0
9845,1
14970,1
12995,0
16971,1
17257,1
8223,1
15073,1
3645,0
12151,1
13166,0
133,0
981,0
7682,0
16946,0
8731,0
17501,0
12222,0
128,0
9137,0
8344,1
893,0
2626,1
13163,0
16195,0
4940,0
6710,0
465,0
14857,0
7581,0
9969,0
12158,0
7535,0
15997,0
12604,0
8135,0
11302,1
14380,0
10605,0
15919,0
15817,1
3548,0
13685,1
13213,0
16544,1
2387,0
9449,1
4745,0
14059,0
1416,0
5643,0
4510,0
15516,0
7401,0
8463,0
2321,0
6356,0
6903,0
4873,0
14318,1
11914,0
9872,0
10491,0
13612,0
16931,0
16748,1
12712,0
11885,1
13550,0
15647,0
12571,0
12540,0
5136,0
14480,1
13155,1
7193,0
13858,0
15450,1
1895,0
3262,0
14170,0
5514,0
312,0
15243,0
15005,1
4770,0
17043,0
8569,0
11222,0
304,1
406,1
10334,1
5251,0
8219,0
4483,-1
5125,0
858,0
5195,0
14454,0
12379,0
12578,1
16204,1
3445,0
13021,1
245,0
15655,1
13853,0
11266,1
15948,0
16025,0
6465,0
4461,0
7799,0
17442,1
13032,0
11234,0
7801,0
6656,0
11461,0
4131,0
14191,1
16065,-1
1047,0
617,0
8264,1
15770,1
6424,0
10658,0
8030,0
11537,0
176,0
17027,0
15078,0
5414,-1
4803,0
16835,0
4702,0
10877,0
13851,0
1489,0
4119,0
8825,0
16703,0
6039,1
10985,0
645,0
9304,0
3242,0
3476,0
8498,0
13503,0
6845,0
4072,0
7832,-1
5294,0
908,1
353,0
8438,1
8910,-1
6589,0
8332,-1
2913,0
17039,0
3957,-1
10104,0
4473,0
422,0
10828,1
3829,0
6746,0
10422,0
848,0
12709,1
12309,0
3997,0
4562,0
6667,1
12950,0
8440,0
4601,0
9549,-1
3008,-1
6996,-1
1490,0
2498,0
17396,1
9684,1
8036,0
5084,0
15509,0
8886,0
17055,0
1682,0
12004,0
14701,0
12952,-1
7575,0
11533,0
9170,0
14060,1
6281,0
8181,0
12006,0
651,0
12945,0
14290,0
1171,0
9891,0
12623,0
4950,1
8464,0
4900,0
985,0
3621,1
7706,0
14372,0
2721,0
14256,-1
17423,0
737,1
2912,0
16932,1
2398,0
13341,0
4951,0
5044,0
8311,0
17261,0
10972,0
13551,0
5376,0
3215,0
4376,0
15230,0
16572,0
6234,0
5568,0
2671,0
8111,0
13380,0
11387,-1
3201,-1
5301,0
7138,1
4664,0
12558,0
8848,0
13501,0
13658,0
10287,0
10386,0
5779,-1
11928,0
7441,0
16611,0
16746,0
7588,0
2945,0
4919,1
12961,1
520,1
4649,0
16039,0
6557,0
9761,0
550,0
9636,0
1871,0
2051,0
16331,0
12219,0
10794,0
16169,0
11209,-1
4690,0
15031,0
10643,0
14706,0
14738,0
9576,1
17462,0
4519,0
3689,0
14704,0
10588,0
5616,0
3274,0
13400,0
7816,0
12203,0
1880,0
3965,-1
10939,0
11082,1
1782,0
8862,0
15059,1
13174,1
9672,0
14819,0
10390,0
2692,1
4658,0
4684,0
16022,0
17127,0
4350,0
10159,0
13833,0
9659,0
13466,0
95,0
7509,0
5295,0
8398,0
10799,0
897,0
14039,0
14468,0
7480,0
8919,0
6811,0
4245,0
12600,0
6567,0
142,0
7961,0
7218,0
1717,-1
15812,0
16127,0
526,0
640,0
399,0
14029,0
8436,0
17264,0
5615,-1
8202,1
1030,0
3378,0
12436,0
7147,-1
6624,0
17562,0
16453,1
4277,0
7083,-1
8200,1
4266,-1
984,0
4410,1
14950,0
15296,1
13365,0
12504,0
11552,1
12947,1
16808,0
13969,0
10373,-1
10423,0
11811,0
13377,0
13416,0
14082,1
11681,0
6585,1
11669,1
14664,0
2190,0
4275,0
1406,-1
6543,-1
16673,0
5754,-1
5371,0
3276,0
3653,0
185,0
4296,1
2837,1
5859,0
11354,1
7385,0
16067,1
1408,-1
2463,0
15891,0
6221,0
12206,0
3763,0
5778,-1
16456,-1
6919,0
5115,0
17019,0
3541,1
4050,0
2694,0
13468,0
888,0
13867,0
8514,1
15472,1
4077,0
4640,1
5611,0
4880,0
12923,0
4463,0
15222,0
1411,0
11580,0
16124,0
11774,0
1556,0
14549,0
9442,0
17001,0
6189,0
1907,0
15082,0
960,0
14374,1
12448,0
4709,0
7045,0
17307,0
10384,1
11179,1
7886,0
10486,1
8659,0
8329,-1
2832,1
2194,-1
9451,0
4964,-1
11513,0
7209,0
8713,1
4110,0
13022,1
6630,0
13715,1
248,0
16341,0
4717,0
7288,-1
3800,0
4432,0
4085,0
7798,0
13303,0
13699,0
2137,0
8143,0
16445,1
12901,0
5791,1
1102,0
11660,1
2502,0
6841,0
1533,1
2234,0
5201,-1
3249,0
2030,0
3869,0
15137,-1
14757,0
844,1
7286,0
5439,0
10808,0
11145,0
4066,0
15725,1
2004,0
10400,0
10561,0
9655,0
13298,0
11189,0
13474,0
14518,0
8026,0
2799,1
16758,0
14506,0
2555,1
14636,0
9531,-1
12748,0
13373,0
990,0
9177,0
12248,0
14693,0
6466,0
15177,1
5145,0
8205,0
11804,0
2963,0
4459,1
5203,0
507,0
15429,0
1620,0
15488,0
6122,0
8619,0
16506,1
4496,0
5776,0
1916,1
10232,0
4341,-1
14342,0
3736,0
9661,1
14932,1
16012,0
871,0
16890,0
6387,0
7744,0
4327,0
7525,-1
1787,0
7689,0
10996,0
11943,0
7836,0
15704,0
5714,0
9323,-1
14250,0
6721,1
5515,0
7484,0
11623,0
11080,1
9741,0
10191,-1
2818,0
5089,0
6430,0
14470,0
13308,1
7339,0
9289,1
4931,0
12855,0
9292,1
4697,0
11579,0
10733,1
53,0
1721,0
16926,0
1603,0
6962,0
1195,1
10062,0
14398,0
3060,0
8365,0
5561,0
5248,0
1668,0
13102,0
12896,-1
9720,0
4332,0
16937,0
2292,1
16586,1
14856,0
10374,0
4104,1
13,0
12934,0
15422,1
17231,0
8295,0
15155,0
5105,0
7238,0
8401,0
12647,0
15947,0
15897,0
13224,0
8468,0
1390,0
3055,0
12551,0
4781,0
5052,0
7564,0
11692,0
7060,0
4583,0
11624,0
1103,0
947,0
288,0
1799,0
1216,0
1875,0
10416,0
15855,0
1918,0
2195,0
13935,0
9171,0
16391,0
13835,0
11894,0
9578,0
16504,0
12918,0
15637,0
334,0
16631,0
16063,0
16219,0
270,0
10214,0
15117,0
2157,0
11115,0
12927,0
14761,0
14726,0
6646,0
8822,0
7587,0
8735,0
9835,0
3057,0
1437,0
5651,0
10079,0
4150,0
2468,0
5836,0
1619,0
9658,0
12981,0
17165,0
3576,0
10244,0
12562,0
8503,0
5144,0
914,0
8947,0
12366,0
7664,0
8847,0
10752,0
9163,0
12677,0
6435,0
4815,0
14153,0
12276,0
1260,0
1628,0
17170,0
11512,0
4659,0
10912,0
2029,0
12727,0
12681,0
2384,0
12043,0
16566,0
16697,0
11937,0
16598,0
1449,0
4299,0
15915,0
8220,0
726,0
10272,0
10004,0
1397,0
10555,0
16152,0
2991,0
4704,0
12774,0
12147,0
10217,0
3724,0
13815,0
3704,0
10842,0
39,0
16827,0
10534,0
6789,0
3429,0
2560,0
8785,0
16112,0
11900,0
13169,0
9114,0
10326,0
5314,0
14779,0
5233,0
323,0
15319,0
3006,0
5029,0
11182,0
17274,0
8243,0
15326,0
8348,0
16459,0
12857,0
9448,0
6603,0
262,0
14750,0
13031,0
5299,0
3483,0
5870,0
3329,0
8953,0
15627,0
15545,0
4323,0
5045,0
2470,0
2481,0
2569,0
11573,0
5525,0
14211,0
632,0
13839,0
12502,0
479,0
4682,0
4941,0
10526,0
1819,0
16627,0
2887,0
7396,0
48,0
4416,0
3819,0
10571,0
4966,0
4339,0
6334,0
15147,0
14677,0
206,0
7966,0
16546,0
449,0
14765,0
1812,0
10995,0
8206,0
8585,0
14754,0
1365,0
13291,0
4103,0
17321,0
11156,0
801,0
13152,0
10724,0
11695,0
7519,0
3118,0
14587,0
9343,0
2240,0
8884,0
7797,0
4448,0
846,0
17063,0
9269,0
3891,0
3075,0
8545,0
2330,0
14609,0
15541,0
11181,0
15271,0
775,0
1804,0
588,0
13131,0
3044,0
6063,0
24,0
1414,0
6308,0
14568,0
5690,0
10900,0
7772,0
438,0
14400,0
5047,0
6151,0
17482,0
4942,0
14844,0
9119,0
13222,0
524,0
15703,0
12031,0
16873,0
6792,0
10231,0
16577,0
8692,0
975,0
16613,0
2076,0
8226,0
8282,0
3691,0
3247,0
2998,0
17140,0
14855,0
8892,0
13342,0
11293,0
3834,0
3923,0
6279,0
7369,0
8307,0
16803,0
15083,0
4847,0
6688,0
4163,0
895,0
11409,0
604,0
930,0
12780,0
12393,0
2104,0
16036,0
11321,0
555,0
3693,0
6552,0
3016,0
4047,0
7094,0
2177,0
11020,0
15605,0
8637,0
7815,0
11795,0
40,0
15428,0
13893,0
10592,0
15756,0
4038,0
12039,0
1314,0
4488,0
5341,0
1428,0
13617,0
13282,0
11448,0
5831,0
11068,0
13441,0
13319,0
9366,0
15548,0
13069,0
15126,0
4273,0
10731,0
17483,0
2391,0
8654,0
12553,0
6248,0
14969,0
3636,0
7759,0
15601,0
3418,0
4628,0
10047,0
6048,0
12250,0
16420,0
16768,0
1583,0
14310,0
2472,0
2546,0
9128,0
4417,0
4200,0
15043,0
10068,0
12462,0
16993,0
13606,0
10732,0
16559,0
9675,0
11526,0
1665,0
9881,0
12262,0
16676,0
16396,0
5416,0
10162,0
8734,0
7914,0
12631,0
265,0
7470,0
13971,0
16530,0
17148,0
1920,0
10653,0
11746,0
7269,0
12547,0
15173,0
13023,0
14371,0
15926,0
8122,0
742,0
7796,0
11196,0
12441,0
12786,0
10023,0
17186,0
5980,0
10751,0
3632,0
3108,0
10248,0
5665,0
14748,0
15494,0
16599,0
8461,0
7646,0
7743,0
3619,0
12495,0
8031,0
179,0
8373,0
12861,0
13962,0
6970,0
10018,0
2005,0
11124,0
10482,0
4774,0
225,0
11089,0
16738,0
10407,0
7611,0
5458,0
14174,0
1401,0
5874,0
17104,0
4821,0
7009,0
3402,0
9954,0
16568,0
12910,0
6182,0
5640,0
10795,0
16929,0
13013,0
5807,0
10266,0
2153,0
3593,0
7809,0
8534,0
5934,0
607,0
13705,0
10219,0
16711,0
14594,0
10277,0
13513,0
7597,0
15145,0
2476,0
15176,0
14615,0
4255,0
17574,0
11850,0
4052,0
5282,0
10126,0
12494,0
11593,0
4061,0
3019,0
5293,0
10157,0
14724,0
1409,0
1652,0
15692,0
7106,0
15170,0
3234,0
7044,0
11960,0
5950,0
711,0
1643,0
2441,0
1508,0
10826,0
2208,0
6236,0
15432,0
5196,0
17469,0
11004,0
9752,0
15001,0
14803,0
462,0
1463,0
1364,0
3323,0
3668,0
16633,0
13281,0
7022,0
12782,0
8855,0
8473,0
1151,0
17233,0
14918,0
269,0
9888,0
12539,0
13797,0
14205,0
5242,0
14271,0
13039,0
12804,0
10117,0
17219,0
15440,0
10501,0
13593,0
4819,0
15643,0
12902,0
13636,0
6206,0
17214,0
16413,0
15596,0
10113,0
1484,0
4653,0
1351,0
7775,0
10285,0
7804,0
896,0
1759,0
6744,0
12236,0
16747,0
11125,0
4367,0
9432,0
5126,0
14987,0
2456,0
420,0
16606,0
1900,0
2542,0
7872,0
36,0
6411,0
14111,0
13830,0
4209,0
1033,0
9231,0
8268,0
16685,0
1013,0
11174,0
11571,0
10999,0
10951,0
15342,0
10280,0
15720,0
2824,0
834,0
16585,0
11194,0
14151,0
6208,0
14390,0
6463,0
7881,0
12060,0
11141,0
14117,0
9417,0
12394,0
9012,0
13349,0
428,0
9736,0
4246,0
14146,0
2955,0
8249,0
3776,0
1127,0
3556,0
15123,0
6928,0
10896,0
14144,0
2764,0
1805,0
10525,0
4426,0
1405,0
7631,0
3949,0
15097,0
7227,0
16409,0
2444,0
13811,0
1239,0
6165,0
4083,0
890,0
14299,0
11127,0
3132,0
8539,0
14949,0
15923,0
10578,0
10459,0
14227,0
4076,0
7030,0
14147,0
495,0
3803,0
2151,0
10109,0
10902,0
12895,0
7279,0
5732,0
4335,0
4073,0
932,0
15307,0
10864,0
3411,0
5212,0
8376,0
15004,0
3874,0
14370,0
16594,0
1329,0
12840,0
11407,0
4909,0
1542,0
12201,0
17270,0
11418,0
161,0
15936,0
17047,0
1168,0
2179,0
9905,0
15983,0
5508,0
9293,0
14136,0
5247,0
2957,0
1214,0
9113,0
12983,0
12829,0
3159,0
17404,0
12596,0
14872,0
6592,0
10497,0
1289,0
3076,0
11737,0
6779,0
5713,0
16856,0
16151,0
15014,0
6042,0
10618,0
15793,0
12377,0
4752,0
11758,0
14846,0
10206,0
14852,0
9868,0
4306,0
9483,0
7884,0
6492,0
14840,0
9139,0
2865,0
2982,0
6110,0
14681,0
6709,0
6225,0
6929,0
16154,0
10791,0
6629,0
6448,0
11500,0
10324,0
4057,0
1006,0
16498,0
16248,0
11479,0
2272,0
15274,0
10803,0
17042,0
4641,0
13001,0
3664,0
12293,0
7542,0
14993,0
3356,0
16033,0
12549,0
2196,0
5620,0
13591,0
14807,0
9840,0
16035,0
3202,0
17169,0
3572,0
14103,0
4918,0
6037,0
7144,0
13015,0
7363,0
12369,0
559,0
4504,0
9194,0
33,0
10118,0
1926,0
5007,0
12026,0
7502,0
3222,0
7334,0
2705,0
6949,0
2549,0
2226,0
13574,0
1506,0
10508,0
4553,0
2002,0
373,0
15712,0
1396,0
2376,0
16332,0
4484,0
12063,0
10532,0
6498,0
7018,0
14612,0
1981,0
2638,0
3009,0
7100,0
14789,0
10005,0
2219,0
14841,0
530,0
15964,0
12386,0
556,0
10613,0
11968,0
8782,0
14361,0
14884,0
851,0
14101,0
10885,0
7264,0
11392,0
13140,0
1441,0
11550,0
11337,0
15292,0
5701,0
9523,0
15576,0
11913,0
7746,0
4,0
6685,0
14628,0
16322,0
14295,0
4660,0
11223,0
3203,0
10049,0
10292,0
9401,0
9653,0
8941,0
5386,0
12264,0
3779,0
10124,0
8952,0
473,0
10583,0
3627,0
11830,0
220,0
2213,0
16111,0
13587,0
8088,0
5276,0
10346,0
10557,0
15293,0
10176,0
4062,0
13002,0
11793,0
9208,0
6162,0
2641,0
16744,0
11984,0
11390,0
539,0
4874,0
13006,0
13339,0
14753,0
10570,0
486,0
17163,0
8012,0
5674,0
659,0
14749,0
15888,0
16829,0
5331,0
7290,0
2706,0
7111,0
1631,0
14278,0
11326,0
12756,0
7991,0
11564,0
9532,0
14462,0
15360,0
6580,0
10740,0
13327,0
15196,0
15566,0
10866,0
13829,0
1585,0
16981,0
7453,0
10640,0
7282,0
9529,0
5063,0
14624,0
12370,0
6561,0
17056,0
14647,0
2142,0
14551,0
6303,0
13313,0
15476,0
5943,0
11883,0
1486,0
576,0
8751,0
9985,0
1221,0
5344,0
4520,0
3720,0
5100,0
3667,0
2750,0
4125,0
15330,0
3179,0
10550,0
310,0
10098,0
14489,0
9490,0
3700,0
15993,0
90,0
7565,0
5907,0
2339,0
15534,0
16187,0
12194,0
9512,0
16353,0
11752,0
9918,0
5924,0
7089,0
5793,0
16259,0
1426,0
1340,0
6032,0
2733,0
10328,0
6533,0
7927,0
15062,0
11810,0
10279,0
7006,0
12164,0
5151,0
873,0
8068,0
9910,0
8685,0
15340,0
9713,0
15505,0
4986,0
5726,0
13922,0
7323,0
1194,0
6677,0
14007,0
164,0
16315,0
6009,0
16900,0
13449,0
16222,0
13828,0
16046,0
215,0
12982,0
7859,0
9960,0
15288,0
15565,0
7544,0
8207,0
11687,0
14433,0
6071,0
7904,0
12357,0
12606,0
14953,0
3260,0
13718,0
15132,0
3007,0
13889,0
16914,0
4443,0
15312,0
12755,0
4145,0
14747,0
4594,0
3662,0
16229,0
13362,0
6328,0
5734,0
6978,0
2646,0
11215,0
17390,0
8618,0
11903,0
12065,0
12626,0
14366,0
355,0
1517,0
5752,0
1516,0
6635,0
4368,0
7745,0
12762,0
9595,0
7263,0
13560,0
12439,0
16295,0
14966,0
5951,0
10872,0
2516,0
3862,0
17045,0
6470,0
3221,0
16996,0
10042,0
1097,0
143,0
11721,0
11668,0
13154,0
15191,0
1350,0
4732,0
10021,0
16178,0
17453,0
4788,0
14831,0
506,0
7956,0
8245,0
14274,0
2713,0
16468,0
16539,0
16701,0
8665,0
11866,0
4677,0
3680,0
6704,0
17102,0
17244,0
17069,0
7102,0
2249,0
9146,0
16220,0
9179,0
10909,0
10455,0
7877,0
6988,0
13147,0
404,0
903,0
10128,0
363,0
11879,0
17272,0
4597,0
2308,0
11006,0
15607,0
11727,0
5232,0
11167,0
656,0
5396,0
1700,0
8799,0
10134,0
5961,0
12506,0
3475,0
1746,0
15193,0
16311,0
4398,0
16680,0
12715,0
17187,0
8431,0
3020,0
5928,0
8405,0
6870,0
4197,0
15587,0
13422,0
13494,0
12117,0
16045,0
6327,0
12770,0
13227,0
1293,0
14123,0
7296,0
6014,0
2474,0
13963,0
15698,0
2003,0
11627,0
8655,0
15302,0
15142,0
8850,0
11200,0
531,0
3479,0
15966,0
3723,0
12936,0
3125,0
5896,0
1878,0
4871,0
16411,0
10308,0
6216,0
1680,0
10968,0
9397,0
14643,0
11441,0
13184,0
3759,0
17432,0
6731,0
1461,0
2304,0
826,0
4109,0
4347,0
6659,0
15531,0
613,0
381,0
2947,0
6556,0
13272,0
4384,0
11809,0
16076,0
4923,0
10306,0
13941,0
3168,0
2999,0
15215,0
3250,0
2811,0
14427,0
12300,0
1136,0
12185,0
14576,0
2670,0
8260,0
3674,0
15099,0
10145,0
15709,0
1605,0
7633,0
6882,0
878,0
15386,0
5783,0
8125,0
3523,0
11920,0
2446,0
6554,0
16414,0
14095,0
14430,0
16061,0
392,0
13382,0
10193,0
16320,0
12217,0
6649,0
11636,0
15469,0
11176,0
14378,0
7969,0
15495,0
1614,0
16828,0
1637,0
8992,0
1321,0
13657,0
5272,0
11829,0
3801,0
3872,0
7953,0
5708,0
6332,0
12821,0
13601,0
4032,0
14414,0
7931,0
16849,0
14407,0
12391,0
9677,0
11250,0
6662,0
1858,0
6073,0
2633,0
9081,0
7959,0
16810,0
2270,0
6674,0
13316,0
13598,0
14963,0
1391,0
15225,0
371,0
4920,0
2329,0
17010,0
13003,0
9438,0
7805,0
8252,0
1169,0
3252,0
2487,0
15076,0
17555,0
7333,0
14437,0
8056,0
11703,0
88,0
11933,0
6036,0
2246,0
5348,0
13779,0
2168,0
12689,0
3527,0
1902,0
4457,0
4389,0
9671,0
894,0
13896,0
3562,0
2698,0
717,0
17132,0
7679,0
4318,0
1067,0
12736,0
7970,0
15331,0
5639,0
4965,0
3444,0
7179,0
4772,0
14825,0
12350,0
4172,0
2977,0
12645,0
192,0
6272,0
2625,0
9436,0
11121,0
14070,0
1331,0
174,0
8203,0
10316,0
8222,0
4096,0
7553,0
12988,0
8190,0
13713,0
13762,0
15746,0
577,0
10499,0
12348,0
8718,0
13461,0
7793,0
3080,0
4408,0
9430,0
1311,0
7365,0
13465,0
14632,0
15012,0
6964,0
1566,0
1534,0
2302,0
16571,0
14767,0
14206,0
5474,0
7481,0
11889,0
15955,0
14561,0
2815,0
11344,0
367,0
13850,0
634,0
2857,0
1671,0
7345,0
2541,0
14340,0
8988,0
12869,0
17266,0
11351,0
3944,0
5035,0
16714,0
2077,0
6353,0
11066,0
10626,0
15932,0
4358,0
1940,0
1861,0
16579,0
4719,0
3327,0
16834,0
2293,0
123,0
5127,0
16750,0
6215,0
6103,0
4622,0
5921,0
4825,0
8966,0
12068,0
10493,0
16194,0
2283,0
547,0
10254,0
2373,0
2389,0
12691,0
9053,0
9178,0
11471,0
3769,0
12787,0
14264,0
11035,0
3046,0
204,0
8614,0
6126,0
15287,0
7004,0
8309,0
14311,0
5158,0
6089,0
9347,0
13615,0
17433,0
13479,0
997,0
7828,0
6233,0
14072,0
16330,0
9692,0
7255,0
15208,0
13603,0
5916,0
15465,0
2510,0
741,0
3752,0
7299,0
9396,0
7153,0
10573,0
8472,0
5166,0
5955,0
839,0
11901,0
10773,0
6979,0
10178,0
5658,0
11524,0
14420,0
9721,0
12957,0
9406,0
9526,0
4921,0
16893,0
14637,0
9586,0
713,0
13394,0
17542,0
16922,0
10890,0
12503,0
14421,0
6531,0
197,0
5575,0
1531,0
9225,0
4355,0
8644,0
14401,0
11365,0
12243,0
6672,0
8005,0
15762,0
4928,0
3455,0
778,0
12667,0
4603,0
8794,0
7741,0
13512,0
17306,0
5517,0
10268,0
5448,0
2651,0
295,0
1502,0
16234,0
17559,0
5352,0
10827,0
6560,0
17251,0
13784,0
6299,0
6155,0
12683,0
3098,0
8705,0
10424,0
10243,0
16776,0
17005,0
13667,0
7428,0
16439,0
1718,0
6945,0
2112,0
1803,0
10417,0
11856,0
5750,0
4584,0
12632,0
9383,0
66,0
13252,0
3010,0
4591,0
16019,0
7981,0
9865,0
1594,0
4419,0
5550,0
5246,0
989,0
9926,0
5929,0
14346,0
6462,0
9287,0
2816,0
4736,0
2351,0
11269,0
3894,0
779,0
11468,0
2756,0
4992,0
3870,0
8818,0
6268,0
2344,0
13472,0
7688,0
10097,0
9714,0
13410,0
4843,0
4495,0
8870,0
8256,0
12515,0
16999,0
4910,0
3034,0
1017,0
110,0
11193,0
9545,0
11803,0
237,0
17368,0
6346,0
10548,0
12803,0
534,0
4089,0
10978,0
14839,0
2116,0
5113,0
5288,0
8047,0
3048,0
4225,0
10456,0
15889,0
10636,0
4070,0
9977,0
16265,0
7475,0
14585,0
14707,0
12071,0
11789,0
3986,0
7517,0
12050,0
9322,0
6869,0
9880,0
3183,0
13493,0
4030,0
12090,0
6205,0
10013,0
10629,0
14049,0
14258,0
15657,0
16381,0
7738,0
8453,0
11841,0
6307,0
2878,0
15600,0
5475,0
7811,0
7831,0
14061,0
11941,0
13059,0
6167,0
16865,0
3729,0
42,0
4333,0
6362,0
12545,0
2440,0
8201,0
12826,0
2863,0
11096,0
4533,0
1219,0
4822,0
7911,0
3392,0
6578,0
1212,0
3322,0
2128,0
7336,0
10439,0
11457,0
13133,0
10240,0
670,0
15691,0
15025,0
15314,0
7301,0
8074,0
10840,0
3686,0
16091,0
869,0
2019,0
17449,0
3216,0
14193,0
5308,0
3750,0
4477,0
10949,0
6104,0
11107,0
5612,0
15282,0
1535,0
14945,0
16850,0
15827,0
16251,0
4315,0
6249,0
233,0
2525,0
4573,0
15081,0
1424,0
5128,0
1386,0
13086,0
3600,0
2414,0
3405,0
4046,0
14161,0
12172,0
16077,0
9649,0
16410,0
8176,0
16122,0
2851,0
17421,0
9994,0
5596,0
9107,0
12028,0
10513,0
13931,0
12271,0
14984,0
8496,0
17387,0
13881,0
6363,0
4952,0
2070,0
5937,0
16494,0
10559,0
6053,0
597,0
12242,0
421,0
2407,0
124,0
2564,0
13189,0
12550,0
17420,0
9115,0
1852,0
7128,0
9726,0
4665,0
1686,0
12531,0
5340,0
11118,0
8415,0
901,0
2506,0
1440,0
10430,0
10966,0
12611,0
14971,0
17070,0
2874,0
259,0
13643,0
13096,0
9804,0
3373,0
13151,0
13233,0
16133,0
15701,0
8612,0
12971,0
11776,0
7222,0
619,0
14269,0
14821,0
10401,0
8097,0
1098,0
1874,0
14248,0
13258,0
1345,0
13635,0
7307,0
6209,0
10563,0
2828,0
6118,0
5194,0
9548,0
5664,0
9465,0
9376,0
10139,0
7510,0
7576,0
1572,0
4003,0
7636,0
6403,0
16939,0
4292,0
7492,0
8680,0
10594,0
2665,0
16643,0
13552,0
8521,0
8600,0
11470,0
10168,0
6397,0
2212,0
14279,0
8312,0
17548,0
10053,0
7513,0
5227,0
514,0
5177,0
9296,0
7623,0
8981,0
14213,0
7955,0
15776,0
1767,0
15153,0
14286,0
7155,0
13336,0
13972,0
8591,0
4097,0
14740,0
4430,0
6812,0
15481,0
5802,0
9020,0
16074,0
15661,0
12324,0
10891,0
16126,0
845,0
14292,0
4868,0
1729,0
15583,0
15133,0
4655,0
3821,0
17058,0
2166,0
156,0
6796,0
8722,0
12283,0
8178,0
12624,0
1716,0
7926,0
13040,0
4232,0
6291,0
4602,0
6989,0
16843,0
13223,0
12353,0
8377,0
1053,0
9058,0
5794,0
2888,0
14758,0
12725,0
9817,0
17437,0
8327,0
10975,0
8315,0
8215,0
14137,0
1648,0
11993,0
8856,0
5555,0
6622,0
11753,0
7851,0
5558,0
3403,0
11786,0
8236,0
14471,0
1532,0
16430,0
1727,0
15308,0
8383,0
8397,0
8227,0
5057,0
14524,0
15592,0
6699,0
4926,0
2787,0
16140,0
7293,0
11040,0
8519,0
5406,0
9039,0
14289,0
4634,0
8255,0
10304,0
2932,0
14203,0
11525,0
11942,0
17023,0
16364,0
12493,0
12010,0
10236,0
5490,0
13471,0
16974,0
105,0
14869,0
14112,0
807,0
2623,0
5349,0
3950,0
7606,0
8290,0
9515,0
5839,0
15206,0
13832,0
3077,0
416,0
4564,0
6494,0
3796,0
17239,0
2198,0
15002,0
10654,0
11733,0
14991,0
10212,0
12118,0
954,0
1732,0
6028,0
2640,0
5363,0
15089,0
13424,0
13515,0
9478,0
8430,0
15395,0
14474,0
6035,0
13683,0
13307,0
2347,0
8523,0
16650,0
6377,0
445,0
8467,0
4949,0
8745,0
4173,0
13464,0
2200,0
9138,0
5024,0
11093,0
13947,0
13285,0
16349,0
1180,0
3734,0
8696,0
4113,0
6740,0
17146,0
12810,0
652,0
17129,0
10763,0
13041,0
4436,0
8257,0
112,0
349,0
12338,0
10182,0
6264,0
16038,0
16102,0
14027,0
14499,0
17324,0
12087,0
10784,0
15094,0
8095,0
9497,0
2465,0
2073,0
12022,0
5718,0
2675,0
12425,0
11175,0
1354,0
2930,0
7372,0
5535,0
15757,0
13215,0
14149,0
6684,0
13358,0
7048,0
7543,0
4525,0
17192,0
9360,0
11188,0
14163,0
15100,0
4366,0
2025,0
14519,0
15937,0
16266,0
12798,0
5179,0
16615,0
2336,0
11198,0
16137,0
546,0
16632,0
12270,0
1581,0
663,0
6047,0
8808,0
4010,0
347,0
2866,0
10529,0
14541,0
13724,0
93,0
2781,0
2983,0
15764,0
268,0
9811,0
829,0
12413,0
8161,0
16148,0
16657,0
10339,0
15952,0
10600,0
12998,0
8420,0
7051,0
4808,0
6891,0
14224,0
271,0
10770,0
16167,0
3468,0
3474,0
6059,0
1550,0
5259,0
15506,0
5419,0
6825,0
2359,0
5841,0
4869,0
1337,0
16989,0
427,0
12468,0
855,0
12719,0
9475,0
9374,0
1569,0
9120,0
14306,0
7271,0
8691,0
13025,0
9873,0
13820,0
15942,0
13257,0
8233,0
15696,0
2209,0
15850,0
12272,0
16464,0
17386,0
10197,0
12310,0
992,0
11283,0
8896,0
5041,0
5541,0
5542,0
5562,0
15410,0
498,0
1457,0
4012,0
15935,0
16177,0
17016,0
7533,0
14475,0
13888,0
5933,0
14626,0
117,0
15396,0
9919,0
75,0
7277,0
4441,0
14121,0
15388,0
17115,0
17188,0
15526,0
2978,0
7570,0
7920,0
5391,0
5377,0
9477,0
17460,0
14768,0
2709,0
16622,0
1026,0
13566,0
12656,0
9271,0
4128,0
10289,0
8689,0
3648,0
11905,0
2312,0
1964,0
16082,0
13004,0
12698,0
2911,0
17176,0
17091,0
16109,0
1962,0
12235,0
8606,0
15148,0
796,0
2807,0
9594,0
12741,0
15631,0
16889,0
4024,0
8972,0
15035,0
3051,0
4203,0
3932,0
13605,0
16790,0
15797,0
11372,0
9232,0
15328,0
3437,0
11507,0
11413,0
2702,0
9574,0
4049,0
15368,0
8750,0
4572,0
7592,0
14616,0
223,0
11652,0
6855,0
15453,0
1174,0
11356,0
17534,0
13843,0
14534,0
11585,0
14236,0
7987,0
17325,0
13000,0
12731,0
7319,0
1471,0
8300,0
3371,0
7315,0
17506,0
13235,0
9813,0
15372,0
9818,0
11011,0
7993,0
13160,0
864,0
16350,0
10703,0
17040,0
13348,0
16772,0
2723,0
5184,0
17179,0
5634,0
119,0
7566,0
589,0
7788,0
17379,0
13057,0
6031,0
10867,0
7894,0
6579,0
7248,0
3153,0
12005,0
17581,0
11744,0
10589,0
4971,0
4184,0
12875,0
13194,0
96,0
13555,0
15603,0
16344,0
876,0
5108,0
15686,0
13746,0
14925,0
321,0
708,0
9979,0
6301,0
16987,0
2323,0
16267,0
15007,0
2401,0
5706,0
2802,0
5648,0
15390,0
2615,0
8085,0
11673,0
17131,0
1750,0
6250,0
17524,0
1593,0
9644,0
16383,0
14018,0
2163,0
5206,0
9769,0
8150,0
2229,0
15430,0
15978,0
15135,0
3998,0
14259,0
10451,0
14001,0
1553,0
8167,0
14848,0
3231,0
3087,0
4936,0
11420,0
4411,0
8702,0
17395,0
3893,0
6520,0
11374,0
8997,0
1971,0
15067,0
17402,0
9956,0
15568,0
6902,0
16823,0
5218,0
11559,0
7306,0
3718,0
13279,0
10397,0
16718,0
14453,0
5782,0
11487,0
10611,0
16800,0
12321,0
16275,0
10245,0
11239,0
13767,0
3236,0
7379,0
5530,0
12459,0
10597,0
12458,0
1734,0
6101,0
11106,0
8144,0
9045,0
10115,0
10156,0
13689,0
15908,0
14363,0
5587,0
9350,0
7265,0
183,0
4604,0
1510,0
7422,0
17236,0
10997,0
12759,0
4228,0
5499,0
13910,0
10291,0
9236,0
3349,0
15695,0
11504,0
13193,0
384,0
6821,0
5332,0
13226,0
17336,0
6893,0
7733,0
13080,0
8384,0
491,0
6738,0
6570,0
13663,0
17447,0
14081,0
3050,0
1128,0
17577,0
6926,0
9086,0
3331,0
1943,0
3073,0
10204,0
12395,0
1018,0
7404,0
15065,0
13664,0
11003,0
6652,0
12405,0
9454,0
11338,0
5422,0
2738,0
7601,0
10492,0
7400,0
5570,0
11951,0
14689,0
2897,0
7032,0
7488,0
21,0
3857,0
11071,0
17248,0
12346,0
5040,0
5688,0
198,0
12996,0
12007,0
1339,0
1417,0
7360,0
4283,0
17466,0
2875,0
3123,0
16099,0
5979,0
15166,0
15442,0
5431,0
17096,0
7691,0
352,0
16877,0
388,0
2881,0
13278,0
1400,0
13871,0
17575,0
4588,0
12899,0
2715,0
12209,0
15189,0
10041,0
5554,0
11904,0
2467,0
7377,0
10940,0
8616,0
16245,0
16223,0
9952,0
8710,0
7456,0
5118,0
17123,0
9682,0
14943,0
16385,0
13584,0
11402,0
3273,0
8768,0
4676,0
2763,0
6292,0
7716,0
13608,0
7455,0
6371,0
15510,0
3807,0
1541,0
16521,0
6706,0
16555,0
9204,0
9034,0
10973,0
12089,0
14004,0
5614,0
8814,0
12066,0
16495,0
4679,0
1323,0
1651,0
8283,0
7641,0
11248,0
11717,0
17066,0
13338,0
1266,0
14955,0
17111,0
8271,0
16370,0
9161,0
11013,0
12843,0
14105,0
8128,0
10462,0
7262,0
11765,0
16899,0
16700,0
9788,0
6676,0
10058,0
14067,0
17150,0
16508,0
16513,0
1280,0
11349,0
12123,0
1283,0
7305,0
16938,0
11583,0
10606,0
3258,0
4380,0
974,0
7791,0
17516,0
11748,0
13545,0
5603,0
1987,0
2317,0
2126,0
9242,0
4619,0
372,0
8240,0
180,0
13014,0
10846,0
16296,0
5217,0
138,0
928,0
4618,0
11671,0
2924,0
7600,0
196,0
6497,0
2214,0
9643,0
5799,0
5430,0
6725,0
5275,0
6671,0
4532,0
601,0
14882,0
14132,0
10155,0
13294,0
3364,0
2282,0
5853,0
1515,0
7528,0
14006,0
10160,0
4762,0
14339,0
15934,0
12699,0
10180,0
6990,0
2902,0
17033,0
8832,0
8520,0
1100,0
11076,0
5091,0
8918,0
12023,0
12477,0
11280,0
3219,0
1615,0
14078,0
3881,0
13129,0
2784,0
16476,0
12845,0
7803,0
16684,0
17385,0
808,0
2230,0
5976,0
10991,0
5438,0
10131,0
6372,0
4897,0
8510,0
3124,0
13293,0
13333,0
7434,0
15050,0
4506,0
14320,0
280,0
16307,0
17030,0
4434,0
16366,0
2205,0
8826,0
2972,0
4325,0
2288,0
1564,0
8270,0
4742,0
17407,0
6109,0
1298,0
15697,0
12570,0
3987,0
13827,0
15800,0
8901,0
16754,0
1681,0
7210,0
5931,0
3804,0
13072,0
16777,0
13477,0
1481,0
11010,0
6061,0
12924,0
2093,0
7537,0
3304,0
309,0
171,0
10293,0
16909,0
9346,0
10436,0
1071,0
8447,0
10188,0
16831,0
16497,0
591,0
6618,0
3062,0
15085,0
7445,0
3630,0
10753,0
6394,0
17322,0
14276,0
9797,0
10443,0
3211,0
15646,0
11325,0
7609,0
10772,0
15853,0
16006,0
6943,0
17268,0
3616,0
1675,0
2049,0
12548,0
4456,0
8640,0
5120,0
7885,0
3463,0
557,0
13470,0
15095,0
12057,0
11366,0
7014,0
13860,0
7617,0
10579,0
16058,0
1478,0
10480,0
7417,0
910,0
14332,0
13991,0
16236,0
1792,0
9402,0
14980,0
6266,0
6806,0
1848,0
6409,0
14638,0
14375,0
3926,0
11252,0
6718,0
10078,0
1801,0
4147,0
16270,0
14155,0
5366,0
4593,0
2843,0
9064,0
12944,0
266,0
5038,0
17538,0
10345,0
3598,0
8490,0
12530,0
12054,0
7124,0
4623,0
13250,0
1589,0
17335,0
4947,0
11476,0
1894,0
13438,0
11888,0
15791,0
9980,0
14783,0
16388,0
17406,0
14649,0
10793,0
9642,0
13915,0
9693,0
188,0
17273,0
9890,0
73,0
14405,0
5339,0
8969,0
13469,0
3279,0
5143,0
12682,0
7192,0
7756,0
15727,0
8263,0
16108,0
12990,0
3528,0
4698,0
10625,0
8158,0
8868,0
11069,0
15999,0
8333,0
15424,0
12138,0
14828,0
14994,0
3113,0
12221,0
11281,0
13136,0
3264,0
4820,0
15391,0
6678,0
5397,0
4956,0
10762,0
14809,0
1776,0
17095,0
3977,0
16285,0
5784,0
554,0
12655,0
5225,0
9820,0
4267,0
5061,0
8081,0
3916,0
9518,0
13243,0
17118,0
17243,0
11090,0
6086,0
9901,0
3208,0
2682,0
7432,0
9902,0
10179,0
2867,0
9646,0
6920,0
14947,0
16394,0
4576,0
17081,0
9757,0
4657,0
12879,0
8540,0
10196,0
3517,0
14965,0
3928,0
3193,0
2961,0
13500,0
4276,0
15498,0
1901,0
3213,0
9270,0
4088,0
5988,0
4155,0
12108,0
246,0
7268,0
12322,0
9385,0
3441,0
9050,0
16397,0
13856,0
8829,0
6519,0
11826,0
8129,0
853,0
3200,0
5213,0
11153,0
11123,0
5379,0
11790,0
13126,0
12013,0
10958,0
15843,0
13805,0
2674,0
11902,0
12693,0
5595,0
15144,0
9173,0
12198,0
6438,0
13391,0
1142,0
1373,0
14141,0
263,0
1719,0
13097,0
3384,0
790,0
4548,0
1808,0
499,0
173,0
10882,0
8671,0
10382,0
12256,0
13009,0
5491,0
2557,0
16520,0
7259,0
13955,0
8623,0
2017,0
13927,0
4259,0
16730,0
8703,0
11742,0
17048,0
13183,0
8921,0
5060,0
13170,0
11389,0
5927,0
10857,0
12814,0
2657,0
6081,0
10586,0
15782,0
12286,0
2876,0
7660,0
6522,0
11972,0
8968,0
7895,0
10610,0
13702,0
11036,0
9620,0
11352,0
10146,0
7827,0
8371,0
5056,0
16490,0
11022,0
7858,0
9591,0
2411,0
3656,0
2575,0
817,0
1313,0
17568,0
3064,0
16956,0
3263,0
14075,0
7223,0
12939,0
14940,0
12170,0
13712,0
6278,0
1261,0
14923,0
533,0
4927,0
16547,0
11274,0
10149,0
11399,0
5631,0
16139,0
5015,0
678,0
6276,0
1834,0
7070,0
5915,0
8316,0
10598,0
13671,0
12168,0
12260,0
11761,0
2298,0
5906,0
2584,0
4303,0
5879,0
17301,0
2284,0
2809,0
13104,0
15958,0
11982,0
12176,0
7829,0
16092,0
15877,0
628,0
4502,0
14728,0
17147,0
8816,0
16469,0
2734,0
4693,0
11797,0
308,0
14358,0
15127,0
7405,0
14234,0
4578,0
2643,0
14182,0
5385,0
8648,0
772,0
15768,0
15447,0
11105,0
7232,0
12119,0
11634,0
475,0
7328,0
3376,0
12093,0
14601,0
5617,0
159,0
9021,0
12883,0
17086,0
5191,0
10398,0
644,0
6178,0
14345,0
13726,0
7160,0
17484,0
10241,0
13548,0
7043,0
2210,0
11199,0
1285,0
16773,0
1063,0
15281,0
4696,0
11277,0
13110,0
16729,0
9032,0
15086,0
4646,0
5700,0
9188,0
6502,0
698,0
15667,0
8721,0
6324,0
12305,0
11097,0
655,0
2599,0
5769,0
5346,0
9226,0
8767,0
8874,0
12890,0
16941,0
14092,0
3666,0
2810,0
6351,0
6641,0
5642,0
14523,0
6204,0
6043,0
10494,0
14981,0
9195,0
9152,0
15985,0
4164,0
12328,0
1559,0
15164,0
16264,0
15996,0
15546,0
11450,0
769,0
15373,0
8053,0
8217,0
9447,0
9849,0
10945,0
5800,0
6176,0
97,0
2044,0
1404,0
2780,0
7670,0
12714,0
15195,0
6955,0
12430,0
7496,0
17060,0
2790,0
2834,0
6099,0
13594,0
3005,0
12984,0
10847,0
8276,0
1075,0
14383,0
14985,0
14232,0
12048,0
8840,0
8930,0
14124,0
1496,0
5486,0
5564,0
2529,0
9963,0
6594,0
3812,0
1324,0
16603,0
8301,0
16531,0
5990,0
12356,0
2042,0
14544,0
17008,0
14169,0
7671,0
13909,0
16096,0
15710,0
7247,0
8045,0
17138,0
8626,0
14711,0
14064,0
1854,0
8598,0
12403,0
8935,0
6460,0
5401,0
10870,0
16427,0
9001,0
13654,0
9694,0
16314,0
13940,0
10639,0
8761,0
414,0
1255,0
2289,0
11782,0
12695,0
11684,0
16418,0
9422,0
6010,0
7387,0
5687,0
12131,0
10845,0
9003,0
8888,0
7856,0
2785,0
8359,0
14102,0
3012,0
3824,0
11433,0
9221,0
8298,0
875,0
5495,0
13958,0
4993,0
9410,0
11910,0
9575,0
11925,0
6775,0
12533,0
1728,0
9773,0
6354,0
1309,0
14015,0
5762,0
4138,0
5669,0
927,0
3924,0
5910,0
12968,0
12481,0
15255,0
6510,0
16552,0
7754,0
968,0
5330,0
5478,0
1773,0
11779,0
7558,0
6386,0
16983,0
6574,0
15134,0
14393,0
7392,0
602,0
16138,0
15815,0
12103,0
16984,0
14308,0
7569,0
17044,0
7516,0
7175,0
1459,0
6137,0
4446,0
6405,0
8811,0
5071,0
15722,0
6807,0
17017,0
16934,0
6286,0
11865,0
4287,0
12200,0
10100,0
5577,0
1048,0
15538,0
2726,0
1760,0
15885,0
14411,0
2830,0
2349,0
2036,0
15110,0
11658,0
13413,0
8912,0
2885,0
9353,0
13944,0
15734,0
5968,0
2089,0
9281,0
12323,0
1375,0
5817,0
6006,0
13880,0
10002,0
14902,0
92,0
13755,0
8846,0
11406,0
15854,0
14565,0
8505,0
15939,0
134,0
6600,0
16030,0
2759,0
859,0
14564,0
2338,0
12729,0
13824,0
14040,0
1898,0
6937,0
6647,0
10086,0
11771,0
2695,0
4015,0
14225,0
6427,0
2186,0
408,0
6597,0
3366,0
626,0
6057,0
10777,0
2915,0
1683,0
13660,0
13191,0
8018,0
2767,0
872,0
1035,0
10270,0
6639,0
8250,0
1262,0
9884,0
4914,0
6241,0
15304,0
13046,0
1634,0
10648,0
12520,0
1544,0
861,0
14142,0
7639,0
14287,0
12327,0
12614,0
6687,0
1347,0
12669,0
13946,0
9775,0
2950,0
1427,0
512,0
396,0
3133,0
4186,0
14214,0
3253,0
2,0
13195,0
1931,0
616,0
6389,0
7795,0
1853,0
15370,0
595,0
1996,0
492,0
12692,0
3082,0
3458,0
10107,0
14277,0
15860,0
9751,0
3312,0
10800,0
13182,0
2735,0
11590,0
5361,0
11138,0
17282,0
16389,0
11576,0
9706,0
15984,0
17071,0
13038,0
2335,0
13249,0
1846,0
12976,0
3651,0
9944,0
12421,0
14901,0
12661,0
4377,0
8928,0
7658,0
12181,0
13650,0
14442,0
16688,0
10255,0
13750,0
12497,0
10015,0
11275,0
132,0
14190,0
14500,0
13008,0
3948,0
11203,0
15463,0
15485,0
11073,0
9157,0
15683,0
8372,0
5792,0
1145,0
6758,0
964,0
3856,0
15265,0
11741,0
3170,0
16090,0
12475,0
12211,0
6752,0
13301,0
4319,0
7883,0
8354,0
17311,0
4002,0
2082,0
10758,0
6343,0
14853,0
8733,0
5900,0
3188,0
515,0
12340,0
8009,0
12471,0
13546,0
5729,0
4878,0
9437,0
1218,0
10449,0
16607,0
1957,0
2162,0
11264,0
8404,0
17567,0
4650,0
13633,0
17258,0
6983,0
15109,0
11946,0
14422,0
14885,0
4045,0
2028,0
13652,0
1891,0
10889,0
9631,0
2144,0
15444,0
12929,0
10831,0
16316,0
6237,0
9284,0
17314,0
12155,0
680,0
5164,0
7325,0
14178,0
6186,0
14770,0
8812,0
12526,0
962,0
5531,0
8707,0
1281,0
57,0
10609,0
9027,0
10695,0
5147,0
10343,0
7036,0
1468,0
15898,0
3871,0
2023,0
6816,0
6102,0
8419,0
11514,0
6133,0
13509,0
4644,0
13051,0
502,0
16896,0
16833,0
14746,0
6141,0
6283,0
6813,0
8719,0
9312,0
2124,0
485,0
11294,0
16073,0
2664,0
4135,0
1833,0
17443,0
3895,0
12110,0
14208,0
17474,0
7226,0
15718,0
11383,0
10125,0
3228,0
15974,0
15417,0
12349,0
13723,0
17528,0
5991,0
15479,0
4162,0
5958,0
4989,0
1494,0
14083,0
6653,0
15560,0
5832,0
3635,0
2492,0
14312,0
1723,0
10466,0
7557,0
14488,0
2728,0
5852,0
52,0
2639,0
15276,0
2094,0
8672,0
15261,0
15597,0
12878,0
15277,0
5350,0
14620,0
10628,0
8592,0
12435,0
7278,0
17126,0
7753,0
9004,0
3325,0
9094,0
5209,0
10414,0
16567,0
12326,0
6743,0
9251,0
12920,0
12593,0
1272,0
1014,0
12040,0
3255,0
1176,0
4800,0
14204,0
2636,0
4915,0
9441,0
8576,0
3699,0
14820,0
11230,0
15042,0
1165,0
2141,0
12152,0
468,0
16159,0
1889,0
13505,0
17428,0
7086,0
6954,0
16561,0
7435,0
14606,0
2826,0
3832,0
5211,0
8976,0
16250,0
1058,0
3357,0
13271,0
11311,0
14826,0
5601,0
15167,0
12660,0
2903,0
6439,0
6027,0
11735,0
11099,0
316,0
11276,0
17328,0
14977,0
3601,0
1144,0
13217,0
6302,0
16123,0
14607,0
13583,0
752,0
11394,0
1870,0
10919,0
6434,0
3093,0
82,0
7321,0
16801,0
10833,0
8387,0
4866,0
6119,0
11057,0
6472,0
4671,0
203,0
13434,0
9816,0
12230,0
77,0
13081,0
10869,0
9228,0
8138,0
9794,0
3946,0
16290,0
15638,0
14171,0
11316,0
16298,0
2539,0
7381,0
14883,0
10568,0
3287,0
2216,0
7185,0
16079,0
2841,0
13093,0
7330,0
329,0
4392,0
9272,0
12280,0
843,0
3555,0
9987,0
9176,0
4059,0
10211,0
11201,0
578,0
11405,0
11085,0
6544,0
13526,0
5006,0
16942,0
10381,0
714,0
16836,0
10690,0
5365,0
1932,0
7790,0
11424,0
6609,0
9651,0
3858,0
1503,0
3299,0
11110,0
13764,0
17228,0
14939,0
2173,0
17512,0
4760,0
3843,0
9936,0
13442,0
5609,0
11939,0
14644,0
9122,0
15079,0
12602,0
12646,0
2413,0
6190,0
2761,0
8241,0
10467,0
14710,0
5370,0
13981,0
14440,0
868,0
12240,0
16988,0
3951,0
7736,0
8361,0
9507,0
11027,0
6631,0
1473,0
3823,0
4514,0
5965,0
4761,0
10743,0
12664,0
9193,0
5289,0
5914,0
12139,0
14873,0
13544,0
16848,0
6540,0
12215,0
7313,0
10744,0
11452,0
11602,0
7033,0
3493,0
1976,0
16704,0
3875,0
11724,0
2906,0
11079,0
14192,0
5193,0
7187,0
641,0
13149,0
14543,0
2386,0
10337,0
7704,0
10216,0
1794,0
9111,0
11381,0
2486,0
10119,0
2974,0
17235,0
8873,0
15477,0
15415,0
2412,0
8779,0
14815,0
9698,0
5678,0
17556,0
863,0
17037,0
14026,0
8437,0
949,0
14249,0
5342,0
13078,0
16923,0
12058,0
4328,0
14752,0
7119,0
7778,0
4034,0
3979,0
11948,0
8146,0
12457,0
15106,0
12427,0
10192,0
10962,0
6617,0
15895,0
149,0
202,0
10055,0
1687,0
11600,0
14792,0
9913,0
9966,0
3317,0
3687,0
1691,0
5650,0
9412,0
15977,0
14954,0
5393,0
12125,0
5566,0
2202,0
14125,0
1701,0
307,0
8949,0
3973,0
12183,0
1126,0
13622,0
16545,0
7595,0
14217,0
14175,0
501,0
17410,0
7837,0
3958,0
8548,0
14090,0
15039,0
9853,0
16023,0
12269,0
11,0
13790,0
14858,0
15460,0
13054,0
1713,0
7495,0
9354,0
9809,0
4001,0
2134,0
13731,0
