,alpha
5748,0.0
2743,1.0
16479,1.0
15556,-1.0
3413,0.0
7084,-1.0
14173,0.0
3956,1.0
11228,1.0
8325,0.0
6288,1.0
3988,1.0
15379,-1.0
3116,0.0
11924,0.0
7361,0.0
16384,0.0
3677,1.0
17196,0.0
1692,-1.0
16980,1.0
10267,-1.0
6364,1.0
4906,1.0
4316,1.0
17014,1.0
1983,0.0
7061,0.0
7298,0.0
1754,0.0
4106,-1.0
16360,0.0
15096,1.0
17073,1.0
9333,-1.0
11233,0.0
819,1.0
3178,-1.0
9828,0.0
15573,-1.0
8192,0.0
13953,1.0
1101,1.0
2014,1.0
14976,1.0
17459,1.0
14384,-1.0
14948,1.0
16557,0.0
11126,1.0
2281,1.0
13968,0.0
15445,-1.0
5919,1.0
3412,1.0
11598,-1.0
16592,1.0
14291,0.0
14319,0.0
9482,1.0
1360,-1.0
6665,0.0
6942,0.0
221,0.0
4627,0.0
4122,1.0
7709,0.0
9403,0.0
16961,0.0
6747,1.0
8378,1.0
6171,0.0
11319,-1.0
10745,-1.0
10922,-1.0
5111,-1.0
4790,0.0
2039,0.0
5245,1.0
10222,0.0
13325,-1.0
7945,1.0
14813,1.0
11601,-1.0
10445,1.0
7101,1.0
15345,0.0
13030,1.0
14230,-1.0
1264,0.0
7081,1.0
9424,1.0
6440,1.0
8117,1.0
15416,0.0
2565,0.0
15273,-1.0
3227,1.0
9588,-1.0
7637,0.0
1640,-1.0
9650,1.0
15162,0.0
2975,0.0
11155,-1.0
2362,1.0
10553,-1.0
13684,0.0
1695,0.0
6613,1.0
17,0.0
7317,1.0
4946,1.0
14860,1.0
8483,0.0
13221,1.0
941,-1.0
999,1.0
13436,1.0
484,1.0
1884,0.0
6441,0.0
8770,-1.0
5219,0.0
2854,0.0
9077,1.0
10059,1.0
7092,1.0
1751,-1.0
2488,0.0
4943,0.0
11523,0.0
8827,0.0
5710,1.0
2491,0.0
6,1.0
2964,1.0
8032,1.0
15857,1.0
10825,-1.0
2113,1.0
12832,0.0
6780,1.0
12788,0.0
11716,0.0
1258,1.0
16325,0.0
6429,0.0
12733,1.0
3334,1.0
9239,1.0
16745,0.0
7078,1.0
13034,-1.0
4130,0.0
1911,0.0
16975,-1.0
10233,1.0
32,0.0
5421,0.0
5255,0.0
17247,-1.0
1661,-1.0
12382,0.0
3806,0.0
14877,-1.0
4699,1.0
2006,-1.0
9338,0.0
6828,0.0
3161,0.0
7998,1.0
17035,1.0
9445,1.0
3696,1.0
7714,-1.0
13848,1.0
7710,0.0
6682,0.0
14337,1.0
9533,0.0
5408,1.0
11505,0.0
7810,1.0
5619,0.0
11139,-1.0
4780,0.0
5050,-1.0
9632,1.0
13917,1.0
9772,1.0
5705,0.0
17536,-1.0
2458,-1.0
17514,1.0
10965,1.0
10475,0.0
2971,-1.0
11098,0.0
14639,1.0
1577,0.0
15066,1.0
1090,0.0
9689,-1.0
4987,1.0
1452,-1.0
8620,1.0
9516,0.0
7971,1.0
9565,0.0
2187,-1.0
1275,-1.0
14824,1.0
8553,-1.0
14184,0.0
16113,1.0
16482,1.0
6331,1.0
1653,-1.0
12847,1.0
12107,1.0
11864,0.0
10798,0.0
5375,1.0
14619,-1.0
12266,0.0
2294,1.0
14556,1.0
6755,0.0
9641,1.0
2845,-1.0
16125,1.0
12092,0.0
13577,0.0
1511,0.0
15383,-1.0
15244,0.0
4082,1.0
17367,0.0
13427,-1.0
5167,1.0
4241,-1.0
16663,-1.0
16789,0.0
10399,0.0
14189,0.0
16656,0.0
17489,1.0
10723,-1.0
12510,-1.0
10315,-1.0
3999,1.0
5829,1.0
15878,-1.0
8042,-1.0
5501,1.0
9074,1.0
3416,0.0
12165,-1.0
3884,0.0
9459,-1.0
3933,-1.0
1951,-1.0
9256,-1.0
14785,-1.0
1037,-1.0
7627,0.0
6858,0.0
16731,1.0
15521,0.0
7616,0.0
821,0.0
11355,1.0
9603,0.0
3777,1.0
6426,1.0
6516,0.0
5124,0.0
3839,0.0
1085,0.0
15115,1.0
2350,0.0
9988,1.0
6431,-1.0
5591,-1.0
9172,0.0
9799,0.0
7436,1.0
7064,1.0
13524,0.0
3196,0.0
9745,-1.0
10073,0.0
5806,0.0
15168,-1.0
2683,1.0
7373,0.0
14986,0.0
5901,-1.0
2310,1.0
9734,0.0
16948,1.0
4636,0.0
10181,0.0
9133,-1.0
12694,1.0
14676,1.0
12989,1.0
16326,-1.0
16602,-1.0
13642,0.0
867,0.0
11729,1.0
8610,0.0
17003,-1.0
3398,0.0
14458,0.0
6810,-1.0
15869,1.0
16274,0.0
7702,1.0
16291,0.0
8524,0.0
10344,1.0
11152,1.0
12141,1.0
7526,1.0
13923,0.0
1756,0.0
15188,0.0
15886,-1.0
1186,-1.0
1208,-1.0
4551,1.0
12263,1.0
5097,1.0
8854,-1.0
920,-1.0
7300,1.0
13629,1.0
15694,0.0
7166,0.0
12045,1.0
14944,-1.0
15634,0.0
8432,-1.0
7861,0.0
16002,0.0
3030,0.0
6243,0.0
15893,-1.0
9522,1.0
3603,-1.0
1538,1.0
16733,0.0
13919,0.0
16095,1.0
16446,1.0
3936,1.0
15010,0.0
10072,-1.0
8859,0.0
3018,0.0
13673,1.0
9379,0.0
10388,0.0
6184,1.0
2585,1.0
4486,1.0
6393,1.0
13573,-1.0
6484,0.0
14185,-1.0
13993,-1.0
4625,0.0
12680,-1.0
16674,-1.0
16191,1.0
911,1.0
3650,0.0
3764,0.0
5889,-1.0
16678,0.0
3084,-1.0
10321,-1.0
14429,1.0
17491,0.0
5932,1.0
16720,1.0
12241,0.0
12296,1.0
6829,1.0
8772,-1.0
16574,1.0
15994,1.0
4975,1.0
7511,1.0
8350,0.0
5380,1.0
1766,1.0
7838,1.0
4669,-1.0
9535,1.0
7589,1.0
4413,0.0
1245,1.0
9819,-1.0
2243,1.0
454,-1.0
3850,1.0
16940,-1.0
13359,-1.0
17557,0.0
9723,1.0
8396,0.0
17053,0.0
13270,0.0
16600,-1.0
4835,-1.0
4080,1.0
12315,0.0
9538,1.0
13430,0.0
3408,-1.0
2064,1.0
8872,-1.0
9627,1.0
1526,0.0
4421,-1.0
937,1.0
5663,0.0
16034,0.0
14778,0.0
2967,-1.0
2672,1.0
15322,1.0
3035,1.0
207,1.0
17178,-1.0
1892,1.0
4427,1.0
1739,1.0
9061,1.0
917,0.0
1476,1.0
2800,0.0
16677,1.0
5755,0.0
4151,-1.0
10020,-1.0
4464,-1.0
9894,0.0
1942,1.0
17262,1.0
14165,-1.0
5886,0.0
13376,0.0
10816,1.0
14892,-0.5
7888,0.0
5080,1.0
14795,-1.0
3372,1.0
12038,0.0
10341,-1.0
10514,-1.0
4720,1.0
3735,0.0
8537,-1.0
599,-1.0
7267,-1.0
219,-1.0
1072,1.0
1827,1.0
1726,0.0
8335,0.0
15022,0.0
543,-1.0
1965,1.0
11133,1.0
6413,1.0
5291,0.0
3097,1.0
4939,1.0
7420,1.0
17435,-1.0
15220,1.0
2382,0.0
16500,-1.0
571,0.0
8889,1.0
4756,0.0
15024,0.0
13634,1.0
8261,0.0
13803,0.0
16200,0.0
13697,1.0
9949,0.0
4961,0.0
5746,1.0
11966,1.0
3464,-1.0
12319,0.0
13645,1.0
5940,1.0
11570,1.0
15242,-1.0
339,0.0
9613,1.0
16207,-1.0
9088,0.0
6518,0.0
12948,0.0
13825,0.0
7958,1.0
13105,-1.0
2078,0.0
8958,-1.0
8194,0.0
15785,-1.0
17405,0.0
760,-1.0
14998,0.0
16000,0.0
10584,0.0
542,0.0
14504,-1.0
11666,0.0
2437,0.0
10147,-1.0
7294,0.0
13891,1.0
13171,1.0
3810,0.5
5925,0.0
1092,-1.0
929,1.0
5280,0.0
7182,1.0
15315,0.0
7824,0.0
3726,0.0
6147,-1.0
6210,-1.0
7845,1.0
3377,0.0
5055,0.0
17088,0.0
10728,0.0
15128,-1.0
19,-1.0
9847,1.0
7984,1.0
2938,0.0
16620,-1.0
12813,-1.0
5985,0.0
17539,0.0
11952,0.0
5880,0.0
8529,-1.0
11363,-1.0
14438,-1.0
11074,-1.0
4978,0.0
3423,0.0
5092,-1.0
13265,-1.0
17411,-1.0
14139,1.0
17413,1.0
4235,0.0
480,1.0
1368,1.0
5840,0.0
14376,-1.0
11445,1.0
10535,1.0
1689,0.0
16437,1.0
14685,1.0
9968,1.0
11161,1.0
6349,0.0
16742,1.0
3456,1.0
8708,1.0
11083,0.0
7129,0.0
11486,-1.0
11436,0.0
7740,1.0
13640,-1.0
13745,1.0
7476,0.0
2703,1.0
4029,1.0
3452,1.0
6445,1.0
11072,1.0
2327,-1.0
12387,0.0
7612,1.0
2755,0.0
7843,-1.0
13806,1.0
9180,1.0
13451,1.0
2188,0.0
3622,1.0
10322,-1.0
8740,1.0
6950,-1.0
6341,-1.0
3904,0.0
12639,0.0
12076,1.0
15251,-1.0
879,0.0
2645,1.0
4827,1.0
8063,0.0
6528,0.0
909,0.0
11005,0.0
8185,0.0
9912,-1.0
9453,1.0
7382,0.0
630,0.0
8237,0.0
3182,-1.0
17298,0.0
5253,-1.0
10871,0.0
6261,1.0
6358,0.0
10060,0.0
2504,-1.0
11708,1.0
12460,0.0
5278,1.0
6072,0.0
6822,0.0
5830,0.0
12599,1.0
2318,-1.0
9731,1.0
16878,1.0
594,1.0
6503,-1.0
15160,-1.0
5258,0.0
5638,0.0
10645,0.0
1410,0.0
8647,1.0
13457,1.0
13440,1.0
15591,0.0
9975,0.0
12608,-1.0
14058,-1.0
9305,0.0
3235,0.0
11464,-1.0
10507,1.0
8882,1.0
9573,0.0
7217,1.0
14751,-1.0
1655,1.0
14408,0.0
15343,1.0
7840,-1.0
7515,1.0
2169,0.0
2120,-1.0
2459,-1.0
9617,0.0
15501,1.0
5317,0.0
11996,-1.0
9852,0.0
14893,1.0
13497,1.0
5137,0.0
14557,1.0
14502,-1.0
9611,1.0
3657,1.0
4352,1.0
10105,1.0
809,1.0
14045,0.0
12333,-1.0
1586,-1.0
8104,0.0
13028,0.0
16499,0.0
5310,1.0
3074,-1.0
16282,0.0
2257,1.0
15478,0.0
15676,-1.0
2394,1.0
14073,1.0
9845,0.0
14970,0.0
12995,0.0
16971,0.0
17257,1.0
8223,1.0
15073,1.0
3645,0.0
12151,1.0
13166,1.0
133,1.0
981,-1.0
7682,-1.0
16946,0.0
8731,1.0
17501,1.0
12222,-1.0
128,-1.0
9137,0.0
8344,1.0
893,1.0
2626,1.0
13163,0.0
16195,-1.0
4940,1.0
6710,1.0
465,-1.0
14857,-1.0
7581,0.0
9969,-1.0
12158,-1.0
7535,1.0
15997,1.0
12604,0.0
8135,1.0
11302,1.0
14380,-1.0
10605,1.0
15919,-1.0
15817,1.0
3548,-1.0
13685,-1.0
13213,1.0
16544,1.0
2387,0.0
9449,0.0
4745,1.0
14059,-1.0
1416,-1.0
5643,0.0
4510,1.0
15516,1.0
7401,1.0
8463,0.0
2321,1.0
6356,-1.0
6903,0.0
4873,-1.0
14318,0.0
11914,1.0
9872,1.0
10491,0.0
13612,-1.0
16931,1.0
16748,-1.0
12712,-1.0
11885,0.0
13550,0.0
15647,-1.0
12571,-1.0
12540,-1.0
5136,0.0
14480,0.0
13155,1.0
7193,1.0
13858,1.0
15450,0.0
1895,1.0
3262,1.0
14170,-1.0
5514,-1.0
312,1.0
15243,1.0
15005,0.0
4770,0.0
17043,-1.0
8569,1.0
11222,-1.0
304,0.0
406,1.0
10334,0.0
5251,1.0
8219,1.0
4483,1.0
5125,1.0
858,1.0
5195,1.0
14454,1.0
12379,1.0
12578,1.0
16204,1.0
3445,-1.0
13021,1.0
245,1.0
15655,0.0
13853,0.0
11266,0.0
15948,1.0
16025,1.0
6465,0.0
4461,0.0
7799,0.0
17442,0.0
13032,0.0
11234,-1.0
7801,1.0
6656,0.0
11461,1.0
4131,-1.0
14191,0.0
16065,-1.0
1047,0.0
617,1.0
8264,1.0
15770,-1.0
6424,-1.0
10658,-1.0
8030,1.0
11537,0.0
176,1.0
17027,1.0
15078,1.0
5414,1.0
4803,-1.0
16835,-1.0
4702,0.0
10877,-1.0
13851,0.0
1489,1.0
4119,0.0
8825,0.0
16703,1.0
6039,0.0
10985,0.0
645,1.0
9304,1.0
3242,0.0
3476,-1.0
8498,1.0
13503,-1.0
6845,-1.0
4072,0.0
7832,0.0
5294,1.0
908,-1.0
353,-1.0
8438,0.0
8910,1.0
6589,0.0
8332,1.0
2913,0.0
17039,-1.0
3957,0.0
10104,-1.0
4473,0.0
422,0.0
10828,1.0
3829,1.0
6746,1.0
10422,0.0
848,1.0
12709,0.0
12309,0.0
3997,1.0
4562,1.0
6667,-1.0
12950,0.0
8440,1.0
4601,-1.0
9549,-1.0
3008,1.0
6996,-1.0
1490,1.0
2498,1.0
17396,-1.0
9684,1.0
8036,0.0
5084,0.0
15509,-1.0
8886,1.0
17055,0.0
1682,-1.0
12004,0.0
14701,1.0
12952,1.0
7575,1.0
11533,-1.0
9170,1.0
14060,0.0
6281,0.0
8181,0.0
12006,1.0
651,0.0
12945,0.0
14290,0.0
1171,0.0
9891,1.0
12623,0.0
4950,1.0
8464,-1.0
4900,1.0
985,1.0
3621,0.0
7706,-1.0
14372,0.0
2721,-1.0
14256,-1.0
17423,0.0
737,1.0
2912,-1.0
16932,-1.0
2398,-1.0
13341,1.0
4951,1.0
5044,0.0
8311,1.0
17261,0.0
10972,1.0
13551,-1.0
5376,1.0
3215,-1.0
4376,-1.0
15230,-1.0
16572,-1.0
6234,0.0
5568,1.0
2671,0.0
8111,1.0
13380,0.0
11387,0.0
3201,0.0
5301,1.0
7138,0.0
4664,1.0
12558,-1.0
8848,0.0
13501,1.0
13658,0.0
10287,-1.0
10386,-1.0
5779,0.0
11928,0.0
7441,1.0
16611,-1.0
16746,1.0
7588,-1.0
2945,1.0
4919,1.0
12961,1.0
520,1.0
4649,0.0
16039,1.0
6557,1.0
9761,1.0
550,-1.0
9636,-1.0
1871,1.0
2051,-1.0
16331,0.0
12219,-1.0
10794,0.0
16169,-1.0
11209,0.0
4690,-1.0
15031,-1.0
10643,-1.0
14706,1.0
14738,-1.0
9576,0.0
17462,-1.0
4519,0.0
3689,-1.0
14704,-1.0
10588,-1.0
5616,1.0
3274,1.0
13400,0.0
7816,-1.0
12203,0.0
1880,1.0
3965,1.0
10939,1.0
11082,1.0
1782,0.0
8862,0.0
15059,0.0
13174,-1.0
9672,0.0
14819,0.0
10390,0.0
2692,0.0
4658,-1.0
4684,0.0
16022,-1.0
17127,-1.0
4350,1.0
10159,-1.0
13833,1.0
9659,1.0
13466,1.0
95,-1.0
7509,0.0
5295,1.0
8398,0.0
10799,1.0
897,-1.0
14039,0.0
14468,-1.0
7480,1.0
8919,-1.0
6811,0.0
4245,1.0
12600,-1.0
6567,-1.0
142,1.0
7961,0.0
7218,1.0
1717,0.0
15812,-1.0
16127,-1.0
526,1.0
640,0.0
399,0.0
14029,1.0
8436,0.0
17264,-1.0
5615,1.0
8202,0.0
1030,-1.0
3378,1.0
12436,-1.0
7147,1.0
6624,0.0
17562,1.0
16453,1.0
4277,0.0
7083,0.0
8200,0.0
4266,0.0
984,1.0
4410,1.0
14950,1.0
15296,-1.0
13365,0.0
12504,-1.0
11552,0.0
12947,0.0
16808,1.0
13969,1.0
10373,-1.0
10423,1.0
11811,-1.0
13377,-1.0
13416,1.0
14082,0.0
11681,1.0
6585,0.0
11669,0.0
14664,1.0
2190,0.0
4275,0.0
1406,1.0
6543,1.0
16673,-1.0
5754,1.0
5371,0.0
3276,1.0
3653,-1.0
185,-1.0
4296,0.0
2837,-1.0
5859,0.0
11354,-1.0
7385,1.0
16067,0.0
1408,1.0
2463,0.0
15891,1.0
6221,1.0
12206,1.0
3763,0.0
5778,1.0
16456,1.0
6919,0.0
5115,1.0
17019,1.0
3541,0.0
4050,0.0
2694,-1.0
13468,1.0
888,1.0
13867,1.0
8514,1.0
15472,1.0
4077,0.0
4640,1.0
5611,1.0
4880,-1.0
12923,-1.0
4463,1.0
15222,-1.0
1411,-1.0
11580,1.0
16124,1.0
11774,0.0
1556,1.0
14549,1.0
9442,1.0
17001,1.0
6189,-1.0
1907,0.0
15082,1.0
960,1.0
14374,-1.0
12448,-1.0
4709,1.0
7045,1.0
17307,-1.0
10384,0.0
11179,0.0
7886,1.0
10486,-1.0
8659,-1.0
8329,0.0
2832,0.0
2194,1.0
9451,0.0
4964,1.0
11513,0.0
7209,0.0
8713,1.0
4110,0.0
13022,0.0
6630,-1.0
13715,0.0
248,1.0
16341,1.0
4717,-1.0
7288,1.0
3800,1.0
4432,0.0
4085,1.0
7798,0.0
13303,1.0
13699,-1.0
2137,-1.0
8143,-1.0
16445,0.0
12901,1.0
5791,1.0
1102,1.0
11660,0.0
2502,-1.0
6841,1.0
1533,-1.0
2234,1.0
5201,0.0
3249,-1.0
2030,-1.0
3869,1.0
15137,0.0
14757,1.0
844,-1.0
7286,1.0
5439,1.0
10808,0.0
11145,1.0
4066,1.0
15725,1.0
2004,0.0
10400,-1.0
10561,0.0
9655,0.0
13298,1.0
11189,-1.0
13474,1.0
14518,1.0
8026,0.0
2799,1.0
16758,1.0
14506,-1.0
2555,1.0
14636,1.0
9531,1.0
12748,1.0
13373,-1.0
990,1.0
9177,1.0
12248,0.0
14693,1.0
6466,0.0
15177,0.0
5145,-1.0
8205,1.0
11804,1.0
2963,0.0
4459,0.0
5203,1.0
507,1.0
15429,0.0
1620,-1.0
15488,1.0
6122,0.0
8619,1.0
16506,1.0
4496,-1.0
5776,0.0
1916,0.0
10232,-1.0
4341,-1.0
14342,-1.0
3736,0.0
9661,1.0
14932,-1.0
16012,-1.0
871,1.0
16890,1.0
6387,1.0
7744,1.0
4327,-1.0
7525,-1.0
1787,1.0
7689,1.0
10996,-1.0
11943,0.0
7836,-1.0
15704,1.0
5714,1.0
9323,1.0
14250,0.0
6721,0.0
5515,1.0
7484,-1.0
11623,0.0
11080,1.0
9741,0.0
10191,1.0
2818,1.0
5089,-1.0
6430,1.0
14470,1.0
13308,1.0
7339,0.0
9289,0.0
4931,1.0
12855,0.0
9292,1.0
4697,1.0
11579,-1.0
10733,1.0
53,1.0
1721,1.0
16926,-1.0
1603,0.0
6962,0.0
1195,1.0
10062,1.0
14398,-1.0
3060,0.0
8365,1.0
5561,-1.0
5248,1.0
1668,1.0
13102,1.0
12896,0.0
9720,-1.0
4332,1.0
16937,1.0
2292,-1.0
16586,1.0
14856,-1.0
10374,-1.0
4104,0.0
13,1.0
12934,1.0
15422,0.0
17231,1.0
8295,0.0
15155,1.0
5105,0.0
7238,0.0
8401,1.0
12647,-1.0
15947,1.0
15897,1.0
13224,0.0
8468,-1.0
1390,0.0
3055,0.0
12551,-1.0
4781,0.0
5052,0.0
7564,1.0
11692,1.0
7060,0.0
4583,0.0
11624,0.0
1103,0.0
947,-1.0
288,0.0
1799,-1.0
1216,0.0
1875,0.0
10416,0.0
15855,1.0
1918,-1.0
2195,1.0
13935,0.0
9171,-1.0
16391,0.0
13835,1.0
11894,0.0
9578,0.0
16504,0.0
12918,1.0
15637,1.0
334,-1.0
16631,1.0
16063,1.0
16219,1.0
270,0.0
10214,-1.0
15117,1.0
2157,0.0
11115,0.0
12927,-1.0
14761,-1.0
14726,0.0
6646,1.0
8822,0.0
7587,0.0
8735,1.0
9835,1.0
3057,-1.0
1437,-1.0
5651,0.0
10079,0.0
4150,1.0
2468,-1.0
5836,1.0
1619,0.0
9658,1.0
12981,0.0
17165,-1.0
3576,-1.0
10244,0.0
12562,1.0
8503,0.0
5144,1.0
914,-1.0
8947,1.0
12366,1.0
7664,1.0
8847,0.0
10752,-1.0
9163,0.0
12677,-1.0
6435,0.0
4815,-1.0
14153,0.0
12276,0.0
1260,0.0
1628,0.0
17170,1.0
11512,1.0
4659,0.0
10912,-1.0
2029,1.0
12727,1.0
12681,-1.0
2384,1.0
12043,1.0
16566,-1.0
16697,0.0
11937,-1.0
16598,0.0
1449,0.0
4299,1.0
15915,1.0
8220,0.0
726,-1.0
10272,0.0
10004,1.0
1397,0.0
10555,-1.0
16152,0.0
2991,1.0
4704,1.0
12774,-1.0
12147,0.0
10217,0.0
3724,1.0
13815,-1.0
3704,-1.0
10842,0.0
39,-1.0
16827,-1.0
10534,-1.0
6789,0.0
3429,0.0
2560,0.0
8785,1.0
16112,1.0
11900,-1.0
13169,0.0
9114,0.0
10326,1.0
5314,1.0
14779,0.0
5233,-1.0
323,1.0
15319,0.0
3006,-1.0
5029,0.0
11182,0.0
17274,1.0
8243,1.0
15326,-1.0
8348,0.0
16459,-1.0
12857,-1.0
9448,0.0
6603,-1.0
262,0.0
14750,-1.0
13031,-1.0
5299,0.0
3483,0.0
5870,-1.0
3329,1.0
8953,1.0
15627,1.0
15545,1.0
4323,0.0
5045,0.0
2470,-1.0
2481,-1.0
2569,1.0
11573,1.0
5525,0.0
14211,0.0
632,1.0
13839,1.0
12502,1.0
479,0.0
4682,0.0
4941,0.0
10526,-1.0
1819,0.0
16627,0.0
2887,1.0
7396,0.0
48,-1.0
4416,0.0
3819,0.0
10571,-1.0
4966,0.0
4339,-1.0
6334,0.0
15147,1.0
14677,1.0
206,1.0
7966,0.0
16546,1.0
449,-1.0
14765,0.0
1812,-1.0
10995,1.0
8206,-1.0
8585,-1.0
14754,1.0
1365,0.0
13291,-1.0
4103,1.0
17321,1.0
11156,0.0
801,0.0
13152,1.0
10724,0.0
11695,-1.0
7519,1.0
3118,0.0
14587,0.0
9343,0.0
2240,-1.0
8884,1.0
7797,-1.0
4448,1.0
846,1.0
17063,1.0
9269,1.0
3891,0.0
3075,1.0
8545,1.0
2330,0.0
14609,0.0
15541,1.0
11181,-1.0
15271,1.0
775,0.0
1804,-1.0
588,1.0
13131,-1.0
3044,1.0
6063,1.0
24,0.0
1414,0.0
6308,0.0
14568,-1.0
5690,1.0
10900,-1.0
7772,1.0
438,0.0
14400,0.0
5047,1.0
6151,0.0
17482,-1.0
4942,1.0
14844,1.0
9119,0.0
13222,1.0
524,-1.0
15703,1.0
12031,-1.0
16873,-1.0
6792,1.0
10231,1.0
16577,-1.0
8692,-1.0
975,0.0
16613,1.0
2076,0.0
8226,1.0
8282,0.0
3691,1.0
3247,0.0
2998,1.0
17140,1.0
14855,1.0
8892,-1.0
13342,0.0
11293,1.0
3834,-1.0
3923,1.0
6279,0.0
7369,-1.0
8307,1.0
16803,-1.0
15083,-1.0
4847,0.0
6688,1.0
4163,1.0
895,0.0
11409,1.0
604,1.0
930,0.0
12780,1.0
12393,1.0
2104,1.0
16036,-1.0
11321,0.0
555,-1.0
3693,0.0
6552,0.0
3016,1.0
4047,0.0
7094,0.0
2177,0.0
11020,1.0
15605,0.0
8637,0.0
7815,1.0
11795,0.0
40,0.0
15428,0.0
13893,-1.0
10592,-1.0
15756,0.0
4038,1.0
12039,-1.0
1314,0.0
4488,-1.0
5341,1.0
1428,1.0
13617,-1.0
13282,0.0
11448,0.0
5831,-1.0
11068,1.0
13441,1.0
13319,0.0
9366,1.0
15548,-1.0
13069,-1.0
15126,0.0
4273,-1.0
10731,-1.0
17483,1.0
2391,0.0
8654,1.0
12553,-1.0
6248,1.0
14969,-1.0
3636,0.0
7759,0.0
15601,1.0
3418,-1.0
4628,1.0
10047,1.0
6048,0.0
12250,-1.0
16420,-1.0
16768,1.0
1583,-1.0
14310,-1.0
2472,0.0
2546,1.0
9128,-1.0
4417,-1.0
4200,1.0
15043,1.0
10068,0.0
12462,1.0
16993,1.0
13606,-1.0
10732,1.0
16559,-1.0
9675,1.0
11526,0.0
1665,0.0
9881,-1.0
12262,0.0
16676,0.0
16396,1.0
5416,0.0
10162,1.0
8734,0.0
7914,1.0
12631,-1.0
265,1.0
7470,0.0
13971,0.0
16530,-1.0
17148,0.0
1920,0.0
10653,0.0
11746,0.0
7269,-1.0
12547,-1.0
15173,0.0
13023,-1.0
14371,1.0
15926,1.0
8122,0.0
742,1.0
7796,0.0
11196,0.0
12441,1.0
12786,1.0
10023,1.0
17186,-1.0
5980,1.0
10751,1.0
3632,0.0
3108,0.0
10248,0.0
5665,-1.0
14748,0.0
15494,0.0
16599,1.0
8461,1.0
7646,-1.0
7743,1.0
3619,1.0
12495,0.0
8031,1.0
179,0.0
8373,1.0
12861,1.0
13962,1.0
6970,-1.0
10018,0.0
2005,0.0
11124,-1.0
10482,1.0
4774,1.0
225,1.0
11089,0.0
16738,1.0
10407,1.0
7611,0.0
5458,1.0
14174,1.0
1401,0.0
5874,-1.0
17104,0.0
4821,1.0
7009,1.0
3402,1.0
9954,0.0
16568,0.0
12910,1.0
6182,0.0
5640,1.0
10795,-1.0
16929,-1.0
13013,0.0
5807,0.0
10266,0.0
2153,-1.0
3593,1.0
7809,0.0
8534,-1.0
5934,0.0
607,1.0
13705,1.0
10219,-1.0
16711,-1.0
14594,1.0
10277,-1.0
13513,1.0
7597,1.0
15145,0.0
2476,0.0
15176,1.0
14615,-1.0
4255,0.0
17574,0.0
11850,0.0
4052,0.0
5282,0.0
10126,1.0
12494,0.0
11593,-1.0
4061,0.0
3019,-1.0
5293,0.0
10157,1.0
14724,1.0
1409,0.0
1652,0.0
15692,1.0
7106,-1.0
15170,-1.0
3234,0.0
7044,1.0
11960,1.0
5950,0.0
711,-1.0
1643,-1.0
2441,0.0
1508,-1.0
10826,1.0
2208,-1.0
6236,1.0
15432,0.0
5196,1.0
17469,-1.0
11004,1.0
9752,1.0
15001,0.0
14803,1.0
462,1.0
1463,0.0
1364,-1.0
3323,0.0
3668,1.0
16633,1.0
13281,1.0
7022,-1.0
12782,1.0
8855,0.0
8473,0.0
1151,1.0
17233,-1.0
14918,-1.0
269,0.0
9888,0.0
12539,-1.0
13797,0.0
14205,-1.0
5242,1.0
14271,1.0
13039,1.0
12804,1.0
10117,0.0
17219,-1.0
15440,1.0
10501,0.0
13593,1.0
4819,1.0
15643,-1.0
12902,1.0
13636,0.0
6206,0.0
17214,1.0
16413,1.0
15596,0.0
10113,1.0
1484,0.0
4653,1.0
1351,0.0
7775,0.0
10285,1.0
7804,1.0
896,1.0
1759,-1.0
6744,0.0
12236,1.0
16747,0.0
11125,0.0
4367,0.0
9432,-1.0
5126,1.0
14987,1.0
2456,0.0
420,1.0
16606,-1.0
1900,1.0
2542,-1.0
7872,1.0
36,1.0
6411,0.0
14111,1.0
13830,0.0
4209,1.0
1033,-1.0
9231,0.0
8268,1.0
16685,1.0
1013,-1.0
11174,1.0
11571,-1.0
10999,0.0
10951,-1.0
15342,0.0
10280,0.0
15720,0.0
2824,0.0
834,1.0
16585,1.0
11194,-1.0
14151,0.0
6208,1.0
14390,1.0
6463,1.0
7881,1.0
12060,1.0
11141,0.0
14117,1.0
9417,0.0
12394,1.0
9012,0.0
13349,0.0
428,0.0
9736,-1.0
4246,0.0
14146,1.0
2955,0.0
8249,1.0
3776,0.0
1127,-1.0
3556,0.0
15123,-1.0
6928,0.0
10896,-1.0
14144,-1.0
2764,1.0
1805,1.0
10525,-1.0
4426,-1.0
1405,1.0
7631,1.0
3949,1.0
15097,-1.0
7227,1.0
16409,-1.0
2444,1.0
13811,0.0
1239,1.0
6165,-1.0
4083,-1.0
890,-1.0
14299,0.0
11127,0.0
3132,0.0
8539,1.0
14949,0.0
15923,-1.0
10578,1.0
10459,0.0
14227,-1.0
4076,0.0
7030,1.0
14147,-1.0
495,-1.0
3803,0.0
2151,1.0
10109,0.0
10902,-1.0
12895,-1.0
7279,0.0
5732,0.0
4335,1.0
4073,-1.0
932,1.0
15307,-1.0
10864,0.0
3411,1.0
5212,0.0
8376,1.0
15004,-1.0
3874,1.0
14370,-1.0
16594,-1.0
1329,-1.0
12840,-1.0
11407,0.0
4909,0.0
1542,0.0
12201,0.0
17270,0.0
11418,0.0
161,0.0
15936,1.0
17047,-1.0
1168,0.0
2179,1.0
9905,0.0
15983,0.0
5508,1.0
9293,1.0
14136,-1.0
5247,1.0
2957,0.0
1214,-1.0
9113,0.0
12983,1.0
12829,0.0
3159,-1.0
17404,-1.0
12596,-1.0
14872,-1.0
6592,-1.0
10497,-1.0
1289,-1.0
3076,0.0
11737,1.0
6779,1.0
5713,1.0
16856,1.0
16151,-1.0
15014,0.0
6042,1.0
10618,0.0
15793,-1.0
12377,1.0
4752,1.0
11758,-1.0
14846,1.0
10206,1.0
14852,-1.0
9868,0.0
4306,-1.0
9483,1.0
7884,1.0
6492,-1.0
14840,1.0
9139,1.0
2865,1.0
2982,-1.0
6110,0.0
14681,0.0
6709,1.0
6225,0.0
6929,0.0
16154,-1.0
10791,1.0
6629,0.0
6448,-1.0
11500,-1.0
10324,0.0
4057,1.0
1006,1.0
16498,1.0
16248,-1.0
11479,1.0
2272,0.0
15274,1.0
10803,0.0
17042,-1.0
4641,-1.0
13001,0.0
3664,0.0
12293,1.0
7542,1.0
14993,0.0
3356,-1.0
16033,1.0
12549,0.0
2196,0.0
5620,1.0
13591,0.0
14807,1.0
9840,0.0
16035,1.0
3202,0.0
17169,-1.0
3572,0.0
14103,1.0
4918,1.0
6037,1.0
7144,0.0
13015,0.0
7363,1.0
12369,-1.0
559,0.0
4504,-1.0
9194,0.0
33,1.0
10118,-1.0
1926,0.0
5007,0.0
12026,-1.0
7502,1.0
3222,0.0
7334,0.0
2705,1.0
6949,0.0
2549,-1.0
2226,0.0
13574,-1.0
1506,0.0
10508,1.0
4553,-1.0
2002,1.0
373,1.0
15712,0.0
1396,1.0
2376,-1.0
16332,-1.0
4484,1.0
12063,0.0
10532,1.0
6498,0.0
7018,1.0
14612,-1.0
1981,-1.0
2638,1.0
3009,1.0
7100,1.0
14789,-1.0
10005,0.0
2219,1.0
14841,0.0
530,1.0
15964,-1.0
12386,0.0
556,1.0
10613,1.0
11968,1.0
8782,1.0
14361,-1.0
14884,1.0
851,0.0
14101,1.0
10885,0.0
7264,1.0
11392,-1.0
13140,0.0
1441,0.0
11550,-1.0
11337,1.0
15292,0.0
5701,-1.0
9523,1.0
15576,0.0
11913,0.0
7746,0.0
4,1.0
6685,-1.0
14628,1.0
16322,1.0
14295,-1.0
4660,1.0
11223,1.0
3203,1.0
10049,0.0
10292,-1.0
9401,0.0
9653,0.0
8941,1.0
5386,0.0
12264,-1.0
3779,1.0
10124,0.0
8952,0.0
473,0.0
10583,1.0
3627,1.0
11830,0.0
220,0.0
2213,-1.0
16111,0.0
13587,-1.0
8088,1.0
5276,1.0
10346,1.0
10557,-1.0
15293,0.0
10176,0.0
4062,1.0
13002,-1.0
11793,0.0
9208,1.0
6162,0.0
2641,0.0
16744,0.0
11984,0.0
11390,1.0
539,-1.0
4874,-1.0
13006,1.0
13339,1.0
14753,1.0
10570,1.0
486,1.0
17163,0.0
8012,0.0
5674,-1.0
659,-1.0
14749,-1.0
15888,-1.0
16829,-1.0
5331,0.0
7290,1.0
2706,0.0
7111,1.0
1631,1.0
14278,1.0
11326,0.0
12756,0.0
7991,1.0
11564,0.0
9532,1.0
14462,1.0
15360,-1.0
6580,1.0
10740,-1.0
13327,1.0
15196,0.0
15566,-1.0
10866,1.0
13829,1.0
1585,0.0
16981,-1.0
7453,0.0
10640,-1.0
7282,1.0
9529,0.0
5063,-1.0
14624,1.0
12370,0.0
6561,1.0
17056,1.0
14647,0.0
2142,1.0
14551,1.0
6303,1.0
13313,0.0
15476,1.0
5943,0.0
11883,1.0
1486,-1.0
576,1.0
8751,-1.0
9985,0.0
1221,1.0
5344,0.0
4520,1.0
3720,-1.0
5100,0.0
3667,0.0
2750,0.0
4125,0.0
15330,1.0
3179,0.0
10550,1.0
310,-1.0
10098,-1.0
14489,0.0
9490,1.0
3700,0.0
15993,1.0
90,-1.0
7565,-1.0
5907,0.0
2339,1.0
15534,0.0
16187,1.0
12194,-1.0
9512,1.0
16353,-1.0
11752,-1.0
9918,0.0
5924,0.0
7089,0.0
5793,0.0
16259,1.0
1426,1.0
1340,1.0
6032,0.0
2733,1.0
10328,-1.0
6533,-1.0
7927,1.0
15062,-1.0
11810,-1.0
10279,1.0
7006,-1.0
12164,0.0
5151,0.0
873,-1.0
8068,1.0
9910,0.0
8685,0.0
15340,-1.0
9713,0.0
15505,-1.0
4986,1.0
5726,0.0
13922,1.0
7323,0.0
1194,0.0
6677,1.0
14007,0.0
164,-1.0
16315,1.0
6009,1.0
16900,1.0
13449,-1.0
16222,0.0
13828,1.0
16046,1.0
215,0.0
12982,0.0
7859,0.0
9960,0.0
15288,1.0
15565,1.0
7544,-1.0
8207,-1.0
11687,1.0
14433,0.0
6071,-1.0
7904,1.0
12357,-1.0
12606,0.0
14953,0.0
3260,0.0
13718,1.0
15132,0.0
3007,-1.0
13889,1.0
16914,0.0
4443,-1.0
15312,0.0
12755,-1.0
4145,1.0
14747,-1.0
4594,-1.0
3662,0.0
16229,-1.0
13362,1.0
6328,1.0
5734,1.0
6978,1.0
2646,0.0
11215,0.0
17390,0.0
8618,1.0
11903,0.0
12065,1.0
12626,0.0
14366,-1.0
355,1.0
1517,1.0
5752,0.0
1516,0.0
6635,1.0
4368,-1.0
7745,0.0
12762,1.0
9595,0.0
7263,1.0
13560,1.0
12439,0.0
16295,0.0
14966,-1.0
5951,0.0
10872,0.0
2516,-1.0
3862,1.0
17045,-1.0
6470,0.0
3221,0.0
16996,1.0
10042,1.0
1097,-1.0
143,1.0
11721,0.0
11668,0.0
13154,1.0
15191,1.0
1350,-1.0
4732,0.0
10021,0.0
16178,0.0
17453,-1.0
4788,-1.0
14831,0.0
506,0.0
7956,0.0
8245,1.0
14274,1.0
2713,1.0
16468,1.0
16539,1.0
16701,-1.0
8665,0.0
11866,-1.0
4677,0.0
3680,0.0
6704,1.0
17102,1.0
17244,0.0
17069,-1.0
7102,1.0
2249,0.0
9146,1.0
16220,0.0
9179,1.0
10909,-1.0
10455,0.0
7877,0.0
6988,-1.0
13147,1.0
404,1.0
903,-1.0
10128,-1.0
363,0.0
11879,1.0
17272,1.0
4597,0.0
2308,1.0
11006,0.0
15607,0.0
11727,1.0
5232,1.0
11167,-1.0
656,1.0
5396,0.0
1700,1.0
8799,0.0
10134,0.0
5961,0.0
12506,1.0
3475,1.0
1746,0.0
15193,1.0
16311,0.0
4398,-1.0
16680,-1.0
12715,0.0
17187,1.0
8431,1.0
3020,1.0
5928,1.0
8405,1.0
6870,0.0
4197,1.0
15587,0.0
13422,0.0
13494,-1.0
12117,-1.0
16045,-1.0
6327,1.0
12770,1.0
13227,1.0
1293,-1.0
14123,-1.0
7296,-1.0
6014,0.0
2474,1.0
13963,-1.0
15698,-1.0
2003,-1.0
11627,0.0
8655,1.0
15302,1.0
15142,0.0
8850,0.0
11200,0.0
531,1.0
3479,1.0
15966,1.0
3723,0.0
12936,0.0
3125,-1.0
5896,1.0
1878,0.0
4871,-1.0
16411,1.0
10308,1.0
6216,1.0
1680,1.0
10968,0.0
9397,0.0
14643,0.0
11441,-1.0
13184,-1.0
3759,1.0
17432,1.0
6731,0.0
1461,0.0
2304,1.0
826,1.0
4109,-1.0
4347,0.0
6659,1.0
15531,0.0
613,1.0
381,-1.0
2947,1.0
6556,-1.0
13272,1.0
4384,1.0
11809,1.0
16076,-1.0
4923,0.0
10306,1.0
13941,-1.0
3168,1.0
2999,1.0
15215,1.0
3250,-1.0
2811,0.0
14427,1.0
12300,1.0
1136,-1.0
12185,-1.0
14576,0.0
2670,-1.0
8260,0.0
3674,0.0
15099,-1.0
10145,0.0
15709,-1.0
1605,1.0
7633,1.0
6882,0.0
878,0.0
15386,0.0
5783,1.0
8125,1.0
3523,1.0
11920,0.0
2446,-1.0
6554,-1.0
16414,-1.0
14095,-1.0
14430,1.0
16061,1.0
392,0.0
13382,1.0
10193,1.0
16320,-1.0
12217,-1.0
6649,1.0
11636,0.0
15469,-1.0
11176,1.0
14378,0.0
7969,0.0
15495,-1.0
1614,-1.0
16828,-1.0
1637,1.0
8992,0.0
1321,0.0
13657,-1.0
5272,1.0
11829,-1.0
3801,0.0
3872,0.0
7953,1.0
5708,0.0
6332,1.0
12821,0.0
13601,1.0
4032,0.0
14414,-1.0
7931,0.0
16849,-1.0
14407,0.0
12391,-1.0
9677,1.0
11250,-1.0
6662,-1.0
1858,0.0
6073,1.0
2633,1.0
9081,0.0
7959,-1.0
16810,-1.0
2270,0.0
6674,1.0
13316,1.0
13598,-1.0
14963,1.0
1391,-1.0
15225,1.0
371,-1.0
4920,-1.0
2329,-1.0
17010,1.0
13003,-1.0
9438,-1.0
7805,0.0
8252,0.0
1169,0.0
3252,0.0
2487,1.0
15076,0.0
17555,1.0
7333,-1.0
14437,-1.0
8056,1.0
11703,-1.0
88,-1.0
11933,0.0
6036,0.0
2246,0.0
5348,1.0
13779,0.0
2168,0.0
12689,1.0
3527,0.0
1902,-1.0
4457,1.0
4389,-1.0
9671,0.0
894,1.0
13896,-1.0
3562,1.0
2698,0.0
717,0.0
17132,1.0
7679,-1.0
4318,0.0
1067,1.0
12736,0.0
7970,0.0
15331,0.0
5639,1.0
4965,1.0
3444,-1.0
7179,1.0
4772,-1.0
14825,1.0
12350,0.0
4172,1.0
2977,0.0
12645,-1.0
192,-1.0
6272,1.0
2625,0.0
9436,0.0
11121,0.0
14070,-1.0
1331,-1.0
174,0.0
8203,1.0
10316,-1.0
8222,-1.0
4096,0.0
7553,-1.0
12988,0.0
8190,0.0
13713,1.0
13762,1.0
15746,-1.0
577,1.0
10499,-1.0
12348,-1.0
8718,-1.0
13461,0.0
7793,1.0
3080,1.0
4408,1.0
9430,1.0
1311,0.0
7365,1.0
13465,-1.0
14632,1.0
15012,-1.0
6964,1.0
1566,-1.0
1534,-1.0
2302,-1.0
16571,-1.0
14767,0.0
14206,0.0
5474,-1.0
7481,1.0
11889,0.0
15955,-1.0
14561,0.0
2815,-1.0
11344,-1.0
367,-1.0
13850,1.0
634,0.0
2857,0.0
1671,0.0
7345,1.0
2541,0.0
14340,-1.0
8988,1.0
12869,-1.0
17266,-1.0
11351,1.0
3944,-1.0
5035,1.0
16714,-1.0
2077,1.0
6353,0.0
11066,0.0
10626,0.0
15932,-1.0
4358,0.0
1940,-1.0
1861,1.0
16579,1.0
4719,1.0
3327,1.0
16834,-1.0
2293,1.0
123,1.0
5127,1.0
16750,0.0
6215,0.0
6103,0.0
4622,0.0
5921,-1.0
4825,1.0
8966,1.0
12068,-1.0
10493,-1.0
16194,1.0
2283,1.0
547,-1.0
10254,1.0
2373,-1.0
2389,0.0
12691,-1.0
9053,-1.0
9178,0.0
11471,-1.0
3769,-1.0
12787,1.0
14264,-1.0
11035,0.0
3046,-1.0
204,1.0
8614,0.0
6126,0.0
15287,-1.0
7004,1.0
8309,-1.0
14311,0.0
5158,0.0
6089,0.0
9347,0.0
13615,-1.0
17433,-1.0
13479,1.0
997,0.0
7828,0.0
6233,1.0
14072,-1.0
16330,-1.0
9692,0.0
7255,0.0
15208,0.0
13603,-1.0
5916,1.0
15465,1.0
2510,1.0
741,0.0
3752,1.0
7299,1.0
9396,-1.0
7153,1.0
10573,0.0
8472,-1.0
5166,-1.0
5955,0.0
839,-1.0
11901,-1.0
10773,-1.0
6979,0.0
10178,1.0
5658,1.0
11524,0.0
14420,0.0
9721,1.0
12957,1.0
9406,1.0
9526,1.0
4921,1.0
16893,1.0
14637,1.0
9586,1.0
713,-1.0
13394,0.0
17542,1.0
16922,0.0
10890,1.0
12503,0.0
14421,1.0
6531,1.0
197,0.0
5575,-1.0
1531,0.0
9225,1.0
4355,-1.0
8644,-1.0
14401,0.0
11365,0.0
12243,0.0
6672,0.0
8005,1.0
15762,-1.0
4928,0.0
3455,1.0
778,1.0
12667,0.0
4603,1.0
8794,0.0
7741,0.0
13512,1.0
17306,1.0
5517,0.0
10268,0.0
5448,-1.0
2651,-1.0
295,0.0
1502,0.0
16234,-1.0
17559,-1.0
5352,1.0
10827,1.0
6560,0.0
17251,0.0
13784,-1.0
6299,1.0
6155,0.0
12683,-1.0
3098,-1.0
8705,-1.0
10424,-1.0
10243,1.0
16776,1.0
17005,-1.0
13667,-1.0
7428,1.0
16439,1.0
1718,1.0
6945,1.0
2112,0.0
1803,-1.0
10417,0.0
11856,1.0
5750,1.0
4584,-1.0
12632,0.0
9383,0.0
66,0.0
13252,0.0
3010,0.0
4591,0.0
16019,-1.0
7981,-1.0
9865,-1.0
1594,-1.0
4419,1.0
5550,-1.0
5246,1.0
989,1.0
9926,1.0
5929,0.0
14346,1.0
6462,1.0
9287,0.0
2816,1.0
4736,0.0
2351,0.0
11269,0.0
3894,1.0
779,1.0
11468,-1.0
2756,1.0
4992,0.0
3870,0.0
8818,-1.0
6268,1.0
2344,0.0
13472,0.0
7688,1.0
10097,1.0
9714,0.0
13410,-1.0
4843,1.0
4495,0.0
8870,1.0
8256,0.0
12515,-1.0
16999,1.0
4910,0.0
3034,-1.0
1017,0.0
110,-1.0
11193,1.0
9545,0.0
11803,1.0
237,-1.0
17368,-1.0
6346,1.0
10548,1.0
12803,-1.0
534,0.0
4089,-1.0
10978,-1.0
14839,1.0
2116,-1.0
5113,1.0
5288,0.0
8047,0.0
3048,1.0
4225,-1.0
10456,-1.0
15889,0.0
10636,1.0
4070,-1.0
9977,0.0
16265,0.0
7475,1.0
14585,0.0
14707,-1.0
12071,-1.0
11789,-1.0
3986,-1.0
7517,-1.0
12050,0.0
9322,0.0
6869,1.0
9880,1.0
3183,-1.0
13493,1.0
4030,-1.0
12090,1.0
6205,0.0
10013,-1.0
10629,0.0
14049,1.0
14258,1.0
15657,0.0
16381,-1.0
7738,0.0
8453,1.0
11841,-1.0
6307,-1.0
2878,1.0
15600,1.0
5475,-1.0
7811,0.0
7831,0.0
14061,1.0
11941,-1.0
13059,1.0
6167,-1.0
16865,0.0
3729,0.0
42,-1.0
4333,-1.0
6362,0.0
12545,0.0
2440,-1.0
8201,1.0
12826,1.0
2863,0.0
11096,0.0
4533,1.0
1219,0.0
4822,1.0
7911,0.0
3392,1.0
6578,1.0
1212,1.0
3322,0.0
2128,0.0
7336,0.0
10439,1.0
11457,-1.0
13133,1.0
10240,1.0
670,0.0
15691,1.0
15025,1.0
15314,-1.0
7301,1.0
8074,1.0
10840,-1.0
3686,0.0
16091,1.0
869,1.0
2019,-1.0
17449,0.0
3216,1.0
14193,0.0
5308,0.0
3750,1.0
4477,0.0
10949,0.0
6104,-1.0
11107,1.0
5612,0.0
15282,1.0
1535,0.0
14945,1.0
16850,-1.0
15827,-1.0
16251,-1.0
4315,1.0
6249,1.0
233,0.0
2525,0.0
4573,-1.0
15081,0.0
1424,1.0
5128,1.0
1386,-1.0
13086,0.0
3600,-1.0
2414,1.0
3405,-1.0
4046,0.0
14161,0.0
12172,1.0
16077,-1.0
9649,-1.0
16410,0.0
8176,1.0
16122,0.0
2851,0.0
17421,-1.0
9994,0.0
5596,1.0
9107,1.0
12028,-1.0
10513,0.0
13931,0.0
12271,-1.0
14984,0.0
8496,-1.0
17387,-1.0
13881,-1.0
6363,1.0
4952,0.0
2070,1.0
5937,1.0
16494,-1.0
10559,-1.0
6053,-1.0
597,-1.0
12242,0.0
421,1.0
2407,-1.0
124,-1.0
2564,1.0
13189,0.0
12550,-1.0
17420,1.0
9115,0.0
1852,1.0
7128,1.0
9726,1.0
4665,1.0
1686,1.0
12531,0.0
5340,0.0
11118,-1.0
8415,1.0
901,-1.0
2506,0.0
1440,1.0
10430,1.0
10966,1.0
12611,0.0
14971,1.0
17070,-1.0
2874,0.0
259,0.0
13643,0.0
13096,0.0
9804,1.0
3373,-1.0
13151,-1.0
13233,-1.0
16133,1.0
15701,-1.0
8612,1.0
12971,0.0
11776,0.0
7222,1.0
619,1.0
14269,1.0
14821,0.0
10401,0.0
8097,1.0
1098,0.0
1874,-1.0
14248,1.0
13258,0.0
1345,-1.0
13635,1.0
7307,-1.0
6209,0.0
10563,0.0
2828,1.0
6118,1.0
5194,-1.0
9548,0.0
5664,0.0
9465,1.0
9376,-1.0
10139,0.0
7510,0.0
7576,0.0
1572,0.0
4003,1.0
7636,1.0
6403,0.0
16939,-1.0
4292,0.0
7492,0.0
8680,1.0
10594,0.0
2665,1.0
16643,0.0
13552,-1.0
8521,0.0
8600,0.0
11470,1.0
10168,0.0
6397,1.0
2212,-1.0
14279,0.0
8312,1.0
17548,1.0
10053,0.0
7513,0.0
5227,0.0
514,1.0
5177,-1.0
9296,1.0
7623,0.0
8981,1.0
14213,-1.0
7955,-1.0
15776,-1.0
1767,0.0
15153,1.0
14286,-1.0
7155,1.0
13336,-1.0
13972,-1.0
8591,0.0
4097,-1.0
14740,-1.0
4430,-1.0
6812,0.0
15481,1.0
5802,-1.0
9020,0.0
16074,1.0
15661,-1.0
12324,-1.0
10891,1.0
16126,0.0
845,0.0
14292,-1.0
4868,0.0
1729,1.0
15583,0.0
15133,1.0
4655,1.0
3821,1.0
17058,0.0
2166,0.0
156,-1.0
6796,0.0
8722,0.0
12283,-1.0
8178,-1.0
12624,-1.0
1716,1.0
7926,0.0
13040,1.0
4232,-1.0
6291,1.0
4602,1.0
6989,0.0
16843,-1.0
13223,0.0
12353,0.0
8377,1.0
1053,0.0
9058,-1.0
5794,-1.0
2888,0.0
14758,1.0
12725,0.0
9817,0.0
17437,0.0
8327,0.0
10975,-1.0
8315,0.0
8215,0.0
14137,1.0
1648,0.0
11993,1.0
8856,0.0
5555,1.0
6622,0.0
11753,-1.0
7851,0.0
5558,0.0
3403,0.0
11786,0.0
8236,-1.0
14471,-1.0
1532,-1.0
16430,1.0
1727,0.0
15308,-1.0
8383,0.0
8397,0.0
8227,0.0
5057,1.0
14524,-1.0
15592,0.0
6699,1.0
4926,0.0
2787,-1.0
16140,1.0
7293,-1.0
11040,0.0
8519,0.0
5406,1.0
9039,0.0
14289,1.0
4634,1.0
8255,1.0
10304,-1.0
2932,-1.0
14203,1.0
11525,0.0
11942,-1.0
17023,0.0
16364,-1.0
12493,-1.0
12010,-1.0
10236,0.0
5490,0.0
13471,1.0
16974,1.0
105,1.0
14869,-1.0
14112,0.0
807,1.0
2623,1.0
5349,1.0
3950,1.0
7606,1.0
8290,0.0
9515,0.0
5839,1.0
15206,1.0
13832,0.0
3077,0.0
416,1.0
4564,1.0
6494,0.0
3796,-1.0
17239,1.0
2198,1.0
15002,1.0
10654,-1.0
11733,0.0
14991,1.0
10212,0.0
12118,0.0
954,1.0
1732,1.0
6028,1.0
2640,1.0
5363,1.0
15089,-1.0
13424,0.0
13515,-1.0
9478,1.0
8430,-1.0
15395,0.0
14474,0.0
6035,-1.0
13683,1.0
13307,1.0
2347,0.0
8523,1.0
16650,0.0
6377,0.0
445,-1.0
8467,1.0
4949,0.0
8745,0.0
4173,-1.0
13464,1.0
2200,1.0
9138,1.0
5024,1.0
11093,1.0
13947,1.0
13285,0.0
16349,-1.0
1180,-1.0
3734,1.0
8696,1.0
4113,-1.0
6740,0.0
17146,1.0
12810,0.0
652,-1.0
17129,1.0
10763,0.0
13041,0.0
4436,-1.0
8257,0.0
112,0.0
349,0.0
12338,-1.0
10182,-1.0
6264,-1.0
16038,1.0
16102,1.0
14027,1.0
14499,1.0
17324,1.0
12087,1.0
10784,1.0
15094,-1.0
8095,1.0
9497,0.0
2465,0.0
2073,0.0
12022,1.0
5718,1.0
2675,1.0
12425,0.0
11175,0.0
1354,1.0
2930,-1.0
7372,-1.0
5535,-1.0
15757,-1.0
13215,1.0
14149,0.0
6684,0.0
13358,0.0
7048,1.0
7543,1.0
4525,1.0
17192,-1.0
9360,1.0
11188,1.0
14163,-1.0
15100,1.0
4366,-1.0
2025,0.0
14519,0.0
15937,0.0
16266,0.0
12798,1.0
5179,0.0
16615,1.0
2336,0.0
11198,0.0
16137,0.0
546,-1.0
16632,0.0
12270,-1.0
1581,0.0
663,1.0
6047,0.0
8808,1.0
4010,-1.0
347,-1.0
2866,-1.0
10529,0.0
14541,0.0
13724,-1.0
93,1.0
2781,0.0
2983,1.0
15764,-1.0
268,0.0
9811,-1.0
829,0.0
12413,0.0
8161,0.0
16148,-1.0
16657,-1.0
10339,0.0
15952,1.0
10600,1.0
12998,0.0
8420,0.0
7051,1.0
4808,1.0
6891,0.0
14224,-1.0
271,0.0
10770,-1.0
16167,0.0
3468,1.0
3474,1.0
6059,-1.0
1550,0.0
5259,1.0
15506,-1.0
5419,1.0
6825,0.0
2359,-1.0
5841,-1.0
4869,0.0
1337,1.0
16989,-1.0
427,-1.0
12468,0.0
855,-1.0
12719,0.0
9475,1.0
9374,0.0
1569,0.0
9120,1.0
14306,0.0
7271,-1.0
8691,0.0
13025,1.0
9873,0.0
13820,-1.0
15942,1.0
13257,0.0
8233,1.0
15696,-1.0
2209,0.0
15850,1.0
12272,0.0
16464,1.0
17386,-1.0
10197,1.0
12310,1.0
992,0.0
11283,1.0
8896,0.0
5041,1.0
5541,1.0
5542,0.0
5562,0.0
15410,1.0
498,1.0
1457,1.0
4012,-1.0
15935,-1.0
16177,1.0
17016,0.0
7533,1.0
14475,-1.0
13888,1.0
5933,0.0
14626,1.0
117,-1.0
15396,0.0
9919,0.0
75,0.0
7277,1.0
4441,0.0
14121,0.0
15388,-1.0
17115,0.0
17188,0.0
15526,-1.0
2978,-1.0
7570,0.0
7920,1.0
5391,0.0
5377,-1.0
9477,1.0
17460,1.0
14768,-1.0
2709,-1.0
16622,1.0
1026,0.0
13566,1.0
12656,1.0
9271,0.0
4128,-1.0
10289,0.0
8689,0.0
3648,0.0
11905,-1.0
2312,0.0
1964,0.0
16082,0.0
13004,0.0
12698,-1.0
2911,0.0
17176,-1.0
17091,0.0
16109,1.0
1962,0.0
12235,-1.0
8606,0.0
15148,1.0
796,1.0
2807,-1.0
9594,1.0
12741,1.0
15631,-1.0
16889,-1.0
4024,1.0
8972,1.0
15035,-1.0
3051,-1.0
4203,1.0
3932,1.0
13605,1.0
16790,0.0
15797,-1.0
11372,1.0
9232,1.0
15328,1.0
3437,1.0
11507,0.0
11413,1.0
2702,0.0
9574,0.0
4049,-1.0
15368,1.0
8750,1.0
4572,0.0
7592,-1.0
14616,1.0
223,1.0
11652,1.0
6855,0.0
15453,-1.0
1174,0.0
11356,0.0
17534,0.0
13843,0.0
14534,1.0
11585,1.0
14236,-1.0
7987,1.0
17325,1.0
13000,-1.0
12731,-1.0
7319,0.0
1471,-1.0
8300,0.0
3371,-1.0
7315,0.0
17506,1.0
13235,-1.0
9813,0.0
15372,1.0
9818,0.0
11011,-1.0
7993,-1.0
13160,1.0
864,-1.0
16350,-1.0
10703,1.0
17040,0.0
13348,0.0
16772,1.0
2723,-1.0
5184,1.0
17179,1.0
5634,1.0
119,-1.0
7566,-1.0
589,1.0
7788,1.0
17379,-1.0
13057,0.0
6031,-1.0
10867,-1.0
7894,1.0
6579,0.0
7248,0.0
3153,-1.0
12005,1.0
17581,1.0
11744,-1.0
10589,-1.0
4971,-1.0
4184,1.0
12875,1.0
13194,-1.0
96,1.0
13555,0.0
15603,-1.0
16344,1.0
876,-1.0
5108,-1.0
15686,-1.0
13746,1.0
14925,1.0
321,1.0
708,0.0
9979,1.0
6301,-1.0
16987,-1.0
2323,0.0
16267,1.0
15007,0.0
2401,-1.0
5706,-1.0
2802,-1.0
5648,0.0
15390,0.0
2615,1.0
8085,0.0
11673,-1.0
17131,-1.0
1750,0.0
6250,1.0
17524,1.0
1593,1.0
9644,1.0
16383,1.0
14018,-1.0
2163,1.0
5206,1.0
9769,0.0
8150,0.0
2229,-1.0
15430,0.0
15978,1.0
15135,1.0
3998,0.0
14259,-1.0
10451,0.0
14001,1.0
1553,-1.0
8167,1.0
14848,-1.0
3231,-1.0
3087,1.0
4936,0.0
11420,0.0
4411,0.0
8702,0.0
17395,-1.0
3893,-1.0
6520,0.0
11374,1.0
8997,-1.0
1971,1.0
15067,1.0
17402,0.0
9956,1.0
15568,0.0
6902,1.0
16823,1.0
5218,0.0
11559,1.0
7306,1.0
3718,0.0
13279,1.0
10397,1.0
16718,0.0
14453,1.0
5782,0.0
11487,-1.0
10611,1.0
16800,1.0
12321,1.0
16275,1.0
10245,1.0
11239,0.0
13767,0.0
3236,1.0
7379,1.0
5530,0.0
12459,0.0
10597,0.0
12458,0.0
1734,-1.0
6101,-1.0
11106,-1.0
8144,-1.0
9045,1.0
10115,-1.0
10156,1.0
13689,0.0
15908,0.0
14363,-1.0
5587,0.0
9350,1.0
7265,0.0
183,1.0
4604,-1.0
1510,-1.0
7422,1.0
17236,0.0
10997,0.0
12759,0.0
4228,-1.0
5499,1.0
13910,1.0
10291,1.0
9236,0.0
3349,-1.0
15695,-1.0
11504,1.0
13193,0.0
384,1.0
6821,0.0
5332,0.0
13226,-1.0
17336,1.0
6893,1.0
7733,0.0
13080,1.0
8384,0.0
491,0.5
6738,1.0
6570,-1.0
13663,0.0
17447,0.0
14081,1.0
3050,0.0
1128,0.0
17577,0.0
6926,1.0
9086,1.0
3331,0.0
1943,0.0
3073,1.0
10204,-1.0
12395,0.0
1018,1.0
7404,-1.0
15065,1.0
13664,0.0
11003,-1.0
6652,-1.0
12405,-1.0
9454,1.0
11338,0.0
5422,1.0
2738,0.0
7601,-1.0
10492,0.0
7400,1.0
5570,1.0
11951,0.0
14689,-1.0
2897,1.0
7032,-1.0
7488,-1.0
21,0.0
3857,1.0
11071,1.0
17248,1.0
12346,-1.0
5040,0.0
5688,1.0
198,-1.0
12996,0.0
12007,0.0
1339,-1.0
1417,0.0
7360,1.0
4283,1.0
17466,-1.0
2875,-1.0
3123,1.0
16099,0.0
5979,-1.0
15166,-1.0
15442,1.0
5431,1.0
17096,0.0
7691,-1.0
352,1.0
16877,0.0
388,0.0
2881,1.0
13278,1.0
1400,0.0
13871,-1.0
17575,1.0
4588,0.0
12899,-1.0
2715,-1.0
12209,1.0
15189,1.0
10041,1.0
5554,1.0
11904,1.0
2467,-1.0
7377,-1.0
10940,0.0
8616,-1.0
16245,0.0
16223,-1.0
9952,0.0
8710,1.0
7456,1.0
5118,0.0
17123,1.0
9682,1.0
14943,1.0
16385,0.0
13584,0.0
11402,0.0
3273,1.0
8768,0.0
4676,-1.0
2763,1.0
6292,1.0
7716,-1.0
13608,0.0
7455,-1.0
6371,1.0
15510,-1.0
3807,-1.0
1541,1.0
16521,0.0
6706,0.0
16555,1.0
9204,0.0
9034,0.0
10973,1.0
12089,-1.0
14004,-1.0
5614,0.0
8814,0.0
12066,1.0
16495,0.0
4679,1.0
1323,0.0
1651,-1.0
8283,1.0
7641,0.0
11248,0.0
11717,-1.0
17066,1.0
13338,0.0
1266,1.0
14955,1.0
17111,1.0
8271,0.0
16370,-1.0
9161,1.0
11013,-1.0
12843,0.0
14105,1.0
8128,0.0
10462,0.0
7262,0.0
11765,1.0
16899,-1.0
16700,0.0
9788,1.0
6676,1.0
10058,0.0
14067,0.0
17150,-1.0
16508,-1.0
16513,1.0
1280,0.0
11349,-1.0
12123,0.0
1283,1.0
7305,-1.0
16938,1.0
11583,0.0
10606,0.0
3258,1.0
4380,0.0
974,0.0
7791,1.0
17516,0.0
11748,1.0
13545,0.0
5603,0.0
1987,0.0
2317,-1.0
2126,1.0
9242,1.0
4619,-1.0
372,-1.0
8240,0.0
180,1.0
13014,-1.0
10846,1.0
16296,1.0
5217,0.0
138,1.0
928,1.0
4618,0.0
11671,0.0
2924,0.0
7600,0.0
196,-1.0
6497,1.0
2214,0.0
9643,0.0
5799,-1.0
5430,0.0
6725,0.0
5275,1.0
6671,-1.0
4532,1.0
601,1.0
14882,1.0
14132,-1.0
10155,0.0
13294,1.0
3364,-1.0
2282,0.0
5853,1.0
1515,1.0
7528,1.0
14006,-1.0
10160,1.0
4762,1.0
14339,0.0
15934,1.0
12699,-1.0
10180,1.0
6990,1.0
2902,-1.0
17033,1.0
8832,1.0
8520,1.0
1100,-1.0
11076,1.0
5091,1.0
8918,-1.0
12023,-1.0
12477,1.0
11280,0.0
3219,0.0
1615,1.0
14078,0.0
3881,0.0
13129,1.0
2784,1.0
16476,0.0
12845,-1.0
7803,0.0
16684,0.0
17385,0.0
808,-1.0
2230,0.0
5976,1.0
10991,-1.0
5438,1.0
10131,1.0
6372,1.0
4897,1.0
8510,1.0
3124,-1.0
13293,-1.0
13333,1.0
7434,0.0
15050,0.0
4506,1.0
14320,0.0
280,0.0
16307,1.0
17030,0.0
4434,-1.0
16366,1.0
2205,1.0
8826,0.0
2972,0.0
4325,1.0
2288,1.0
1564,-1.0
8270,0.0
4742,1.0
17407,1.0
6109,-1.0
1298,0.0
15697,-1.0
12570,1.0
3987,1.0
13827,1.0
15800,1.0
8901,-1.0
16754,1.0
1681,-1.0
7210,0.0
5931,0.0
3804,-1.0
13072,-1.0
16777,0.0
13477,-1.0
1481,1.0
11010,0.0
6061,-1.0
12924,1.0
2093,1.0
7537,1.0
3304,0.0
309,0.0
171,-1.0
10293,-1.0
16909,-1.0
9346,0.0
10436,1.0
1071,0.0
8447,1.0
10188,-1.0
16831,0.0
16497,-1.0
591,0.0
6618,1.0
3062,-1.0
15085,-1.0
7445,1.0
3630,0.0
10753,1.0
6394,1.0
17322,-1.0
14276,-1.0
9797,1.0
10443,0.0
3211,-1.0
15646,1.0
11325,0.0
7609,0.0
10772,-1.0
15853,1.0
16006,1.0
6943,1.0
17268,1.0
3616,0.0
1675,1.0
2049,0.0
12548,0.0
4456,0.0
8640,1.0
5120,-1.0
7885,0.0
3463,1.0
557,1.0
13470,-1.0
15095,0.0
12057,0.0
11366,-1.0
7014,1.0
13860,1.0
7617,1.0
10579,0.0
16058,-1.0
1478,-1.0
10480,1.0
7417,0.0
910,0.0
14332,0.0
13991,-1.0
16236,-1.0
1792,1.0
9402,-1.0
14980,1.0
6266,1.0
6806,1.0
1848,-1.0
6409,1.0
14638,1.0
14375,-1.0
3926,1.0
11252,-1.0
6718,1.0
10078,0.0
1801,0.0
4147,0.0
16270,1.0
14155,1.0
5366,-1.0
4593,1.0
2843,1.0
9064,0.0
12944,-1.0
266,1.0
5038,1.0
17538,0.0
10345,0.0
3598,1.0
8490,0.0
12530,1.0
12054,-1.0
7124,1.0
4623,-1.0
13250,1.0
1589,-1.0
17335,-1.0
4947,0.0
11476,-1.0
1894,-1.0
13438,-1.0
11888,-1.0
15791,0.0
9980,-1.0
14783,1.0
16388,1.0
17406,0.0
14649,1.0
10793,0.0
9642,0.0
13915,0.0
9693,0.0
188,-1.0
17273,1.0
9890,0.0
73,1.0
14405,-1.0
5339,1.0
8969,1.0
13469,0.0
3279,0.0
5143,-1.0
12682,0.0
7192,1.0
7756,1.0
15727,1.0
8263,0.0
16108,-1.0
12990,-1.0
3528,1.0
4698,-1.0
10625,0.0
8158,1.0
8868,0.0
11069,1.0
15999,1.0
8333,1.0
15424,-1.0
12138,1.0
14828,0.0
14994,0.0
3113,0.0
12221,1.0
11281,1.0
13136,0.0
3264,-1.0
4820,1.0
15391,1.0
6678,0.0
5397,1.0
4956,1.0
10762,1.0
14809,0.0
1776,1.0
17095,-1.0
3977,-1.0
16285,0.0
5784,1.0
554,-1.0
12655,-1.0
5225,1.0
9820,1.0
4267,0.0
5061,0.0
8081,-1.0
3916,-1.0
9518,0.0
13243,1.0
17118,0.0
17243,1.0
11090,1.0
6086,1.0
9901,0.0
3208,-1.0
2682,0.0
7432,1.0
9902,0.0
10179,0.0
2867,1.0
9646,1.0
6920,1.0
14947,-1.0
16394,1.0
4576,0.0
17081,1.0
9757,0.0
4657,0.0
12879,1.0
8540,0.0
10196,0.0
3517,-1.0
14965,-1.0
3928,-1.0
3193,-1.0
2961,-1.0
13500,0.0
4276,-1.0
15498,-1.0
1901,0.0
3213,1.0
9270,1.0
4088,0.0
5988,0.0
4155,-1.0
12108,0.0
246,-1.0
7268,0.0
12322,-1.0
9385,0.0
3441,1.0
9050,1.0
16397,0.0
13856,1.0
8829,1.0
6519,0.0
11826,0.0
8129,1.0
853,-1.0
3200,-1.0
5213,0.0
11153,1.0
11123,-1.0
5379,0.0
11790,1.0
13126,0.0
12013,1.0
10958,1.0
15843,0.0
13805,1.0
2674,-1.0
11902,1.0
12693,-1.0
5595,0.0
15144,0.0
9173,-1.0
12198,0.0
6438,-1.0
13391,-1.0
1142,1.0
1373,1.0
14141,-1.0
263,-1.0
1719,0.0
13097,-1.0
3384,-1.0
790,1.0
4548,1.0
1808,1.0
499,0.0
173,1.0
10882,-1.0
8671,1.0
10382,1.0
12256,1.0
13009,0.0
5491,1.0
2557,-1.0
16520,1.0
7259,0.0
13955,-1.0
8623,1.0
2017,1.0
13927,1.0
4259,0.0
16730,-1.0
8703,1.0
11742,-1.0
17048,-1.0
13183,1.0
8921,-1.0
5060,0.0
13170,1.0
11389,1.0
5927,0.0
10857,0.0
12814,1.0
2657,0.0
6081,1.0
10586,-1.0
15782,-1.0
12286,0.0
2876,-1.0
7660,-1.0
6522,1.0
11972,0.0
8968,-1.0
7895,1.0
10610,1.0
13702,1.0
11036,-1.0
9620,1.0
11352,0.0
10146,1.0
7827,-1.0
8371,1.0
5056,-1.0
16490,0.0
11022,-1.0
7858,0.0
9591,1.0
2411,1.0
3656,0.0
2575,-1.0
817,1.0
1313,1.0
17568,0.0
3064,1.0
16956,1.0
3263,0.0
14075,-1.0
7223,0.0
12939,0.0
14940,0.0
12170,0.0
13712,1.0
6278,0.0
1261,-1.0
14923,0.0
533,1.0
4927,1.0
16547,0.0
11274,1.0
10149,0.0
11399,0.0
5631,1.0
16139,1.0
5015,0.0
678,-1.0
6276,0.0
1834,-1.0
7070,1.0
5915,1.0
8316,1.0
10598,1.0
13671,0.0
12168,-1.0
12260,-1.0
11761,0.0
2298,0.0
5906,-1.0
2584,0.0
4303,-1.0
5879,0.0
17301,-1.0
2284,1.0
2809,1.0
13104,0.0
15958,-1.0
11982,1.0
12176,-1.0
7829,0.0
16092,-1.0
15877,-1.0
628,1.0
4502,0.0
14728,1.0
17147,1.0
8816,0.0
16469,-1.0
2734,-1.0
4693,1.0
11797,0.0
308,0.0
14358,0.0
15127,0.0
7405,1.0
14234,1.0
4578,0.0
2643,1.0
14182,1.0
5385,1.0
8648,0.0
772,0.0
15768,0.0
15447,-1.0
11105,0.0
7232,0.0
12119,1.0
11634,0.0
475,1.0
7328,-1.0
3376,-1.0
12093,-1.0
14601,1.0
5617,-1.0
159,0.0
9021,1.0
12883,-1.0
17086,1.0
5191,0.0
10398,1.0
644,0.0
6178,1.0
14345,1.0
13726,0.0
7160,1.0
17484,0.0
10241,1.0
13548,0.0
7043,1.0
2210,0.0
11199,1.0
1285,1.0
16773,0.0
1063,1.0
15281,0.0
4696,0.0
11277,1.0
13110,0.0
16729,1.0
9032,0.0
15086,-1.0
4646,-1.0
5700,0.0
9188,0.0
6502,-1.0
698,1.0
15667,1.0
8721,0.0
6324,0.0
12305,0.0
11097,1.0
655,1.0
2599,0.0
5769,-1.0
5346,0.0
9226,0.0
8767,0.0
8874,1.0
12890,1.0
16941,-1.0
14092,1.0
3666,0.0
2810,-1.0
6351,0.0
6641,1.0
5642,1.0
14523,-1.0
6204,1.0
6043,0.0
10494,1.0
14981,-1.0
9195,0.0
9152,1.0
15985,0.0
4164,0.0
12328,1.0
1559,0.0
15164,1.0
16264,-1.0
15996,1.0
15546,1.0
11450,-1.0
769,0.0
15373,1.0
8053,1.0
8217,0.0
9447,1.0
9849,0.0
10945,0.0
5800,-1.0
6176,0.0
97,-1.0
2044,0.0
1404,1.0
2780,-1.0
7670,-1.0
12714,-1.0
15195,0.0
6955,1.0
12430,-1.0
7496,0.0
17060,0.0
2790,1.0
2834,-1.0
6099,0.0
13594,1.0
3005,0.0
12984,0.0
10847,1.0
8276,-1.0
1075,1.0
14383,-1.0
14985,0.0
14232,0.0
12048,1.0
8840,1.0
8930,0.0
14124,1.0
1496,-1.0
5486,0.0
5564,0.0
2529,0.0
9963,1.0
6594,0.0
3812,1.0
1324,-1.0
16603,-1.0
8301,0.0
16531,1.0
5990,0.0
12356,-1.0
2042,0.0
14544,-1.0
17008,0.0
14169,1.0
7671,-1.0
13909,-1.0
16096,-1.0
15710,1.0
7247,0.0
8045,0.0
17138,1.0
8626,-1.0
14711,0.0
14064,1.0
1854,-1.0
8598,1.0
12403,-1.0
8935,-1.0
6460,0.0
5401,0.0
10870,0.0
16427,1.0
9001,1.0
13654,1.0
9694,-1.0
16314,1.0
13940,-1.0
10639,-1.0
8761,0.0
414,1.0
1255,-1.0
2289,-1.0
11782,1.0
12695,1.0
11684,0.0
16418,0.0
9422,0.0
6010,1.0
7387,-1.0
5687,1.0
12131,-1.0
10845,0.0
9003,0.0
8888,-1.0
7856,1.0
2785,0.0
8359,1.0
14102,1.0
3012,-1.0
3824,0.0
11433,0.0
9221,1.0
8298,1.0
875,0.0
5495,1.0
13958,0.0
4993,0.0
9410,0.0
11910,0.0
9575,0.0
11925,0.0
6775,0.0
12533,-1.0
1728,1.0
9773,0.0
6354,-1.0
1309,1.0
14015,-1.0
5762,-1.0
4138,1.0
5669,0.0
927,1.0
3924,-1.0
5910,-1.0
12968,-1.0
12481,1.0
15255,-1.0
6510,0.0
16552,0.0
7754,1.0
968,1.0
5330,-1.0
5478,0.0
1773,1.0
11779,-1.0
7558,1.0
6386,0.0
16983,0.0
6574,1.0
15134,-1.0
14393,1.0
7392,0.0
602,1.0
16138,-1.0
15815,-1.0
12103,0.0
16984,-1.0
14308,1.0
7569,0.0
17044,1.0
7516,1.0
7175,1.0
1459,1.0
6137,0.0
4446,-1.0
6405,1.0
8811,1.0
5071,0.0
15722,-1.0
6807,0.0
17017,1.0
16934,1.0
6286,1.0
11865,1.0
4287,1.0
12200,-1.0
10100,0.0
5577,0.0
1048,0.0
15538,0.0
2726,0.0
1760,1.0
15885,1.0
14411,0.0
2830,-1.0
2349,0.0
2036,-1.0
15110,1.0
11658,-1.0
13413,-1.0
8912,1.0
2885,1.0
9353,-1.0
13944,0.0
15734,1.0
5968,1.0
2089,1.0
9281,0.0
12323,-1.0
1375,0.0
5817,0.0
6006,1.0
13880,1.0
10002,0.0
14902,0.0
92,1.0
13755,-1.0
8846,-1.0
11406,1.0
15854,-1.0
14565,1.0
8505,1.0
15939,0.0
134,-1.0
6600,0.0
16030,-1.0
2759,-1.0
859,1.0
14564,0.0
2338,1.0
12729,1.0
13824,-1.0
14040,0.0
1898,0.0
6937,1.0
6647,1.0
10086,0.0
11771,-1.0
2695,0.0
4015,-1.0
14225,1.0
6427,0.0
2186,1.0
408,1.0
6597,0.0
3366,-1.0
626,0.0
6057,-1.0
10777,0.0
2915,1.0
1683,1.0
13660,0.0
13191,-1.0
8018,1.0
2767,0.0
872,-1.0
1035,1.0
10270,0.0
6639,0.0
8250,0.0
1262,1.0
9884,1.0
4914,1.0
6241,1.0
15304,-1.0
13046,-1.0
1634,1.0
10648,-1.0
12520,-1.0
1544,0.0
861,0.0
14142,-1.0
7639,1.0
14287,1.0
12327,-1.0
12614,-1.0
6687,0.0
1347,1.0
12669,0.0
13946,-1.0
9775,0.0
2950,1.0
1427,-1.0
512,1.0
396,-1.0
3133,-1.0
4186,0.0
14214,1.0
3253,1.0
2,0.0
13195,0.0
1931,0.0
616,1.0
6389,0.0
7795,1.0
1853,1.0
15370,-1.0
595,0.0
1996,-1.0
492,1.0
12692,0.0
3082,-1.0
3458,1.0
10107,0.0
14277,0.0
15860,-1.0
9751,1.0
3312,-1.0
10800,0.0
13182,0.0
2735,0.0
11590,0.0
5361,1.0
11138,-1.0
17282,1.0
16389,1.0
11576,0.0
9706,0.0
15984,-1.0
17071,1.0
13038,0.0
2335,-1.0
13249,0.0
1846,-1.0
12976,1.0
3651,0.0
9944,0.0
12421,1.0
14901,1.0
12661,-1.0
4377,-1.0
8928,0.0
7658,0.0
12181,0.0
13650,1.0
14442,1.0
16688,-1.0
10255,1.0
13750,0.0
12497,-1.0
10015,0.0
11275,0.0
132,1.0
14190,1.0
14500,1.0
13008,0.0
3948,0.0
11203,1.0
15463,-1.0
15485,0.0
11073,-1.0
9157,0.0
15683,-1.0
8372,1.0
5792,1.0
1145,-1.0
6758,1.0
964,-1.0
3856,0.0
15265,-1.0
11741,1.0
3170,1.0
16090,0.0
12475,-1.0
12211,1.0
6752,1.0
13301,0.0
4319,1.0
7883,-1.0
8354,-1.0
17311,-1.0
4002,1.0
2082,0.0
10758,1.0
6343,-1.0
14853,1.0
8733,-1.0
5900,0.0
3188,-1.0
515,1.0
12340,0.0
8009,-1.0
12471,-1.0
13546,-1.0
5729,1.0
4878,0.0
9437,1.0
1218,0.0
10449,0.0
16607,0.0
1957,0.0
2162,0.0
11264,1.0
8404,0.0
17567,-1.0
4650,-1.0
13633,0.0
17258,-1.0
6983,1.0
15109,1.0
11946,-1.0
14422,1.0
14885,0.0
4045,0.0
2028,0.0
13652,1.0
1891,1.0
10889,-1.0
9631,1.0
2144,-1.0
15444,0.0
12929,1.0
10831,-1.0
16316,0.0
6237,1.0
9284,0.0
17314,1.0
12155,-1.0
680,-1.0
5164,0.0
7325,1.0
14178,1.0
6186,1.0
14770,1.0
8812,0.0
12526,1.0
962,-1.0
5531,1.0
8707,0.0
1281,1.0
57,1.0
10609,1.0
9027,1.0
10695,-1.0
5147,0.0
10343,0.0
7036,1.0
1468,0.0
15898,0.0
3871,0.0
2023,-1.0
6816,0.0
6102,-1.0
8419,0.0
11514,-1.0
6133,1.0
13509,-1.0
4644,0.0
13051,0.0
502,0.0
16896,-1.0
16833,-1.0
14746,0.0
6141,1.0
6283,-1.0
6813,0.0
8719,1.0
9312,0.0
2124,0.0
485,0.0
11294,1.0
16073,1.0
2664,-1.0
4135,1.0
1833,0.0
17443,0.0
3895,-1.0
12110,1.0
14208,-1.0
17474,-1.0
7226,1.0
15718,0.0
11383,0.0
10125,0.0
3228,0.0
15974,0.0
15417,0.0
12349,-1.0
13723,1.0
17528,0.0
5991,0.0
15479,1.0
4162,1.0
5958,0.0
4989,0.0
1494,1.0
14083,1.0
6653,-1.0
15560,1.0
5832,1.0
3635,1.0
2492,0.0
14312,-1.0
1723,1.0
10466,1.0
7557,0.0
14488,1.0
2728,1.0
5852,1.0
52,1.0
2639,-1.0
15276,0.0
2094,-1.0
8672,0.0
15261,1.0
15597,0.0
12878,0.0
15277,0.0
5350,0.0
14620,0.0
10628,0.0
8592,1.0
12435,1.0
7278,1.0
17126,0.0
7753,1.0
9004,1.0
3325,0.0
9094,1.0
5209,1.0
10414,1.0
16567,0.0
12326,1.0
6743,1.0
9251,0.0
12920,0.0
12593,-1.0
1272,1.0
1014,0.0
12040,-1.0
3255,0.0
1176,-1.0
4800,1.0
14204,1.0
2636,-1.0
4915,1.0
9441,1.0
8576,0.0
3699,-1.0
14820,-1.0
11230,1.0
15042,0.0
1165,-1.0
2141,1.0
12152,1.0
468,1.0
16159,1.0
1889,-1.0
13505,-1.0
17428,-1.0
7086,0.0
6954,0.0
16561,-1.0
7435,0.0
14606,0.0
2826,-1.0
3832,0.0
5211,1.0
8976,1.0
16250,0.0
1058,1.0
3357,1.0
13271,-1.0
11311,0.0
14826,-1.0
5601,1.0
15167,0.0
12660,1.0
2903,0.0
6439,0.0
6027,-1.0
11735,1.0
11099,1.0
316,0.0
11276,-1.0
17328,1.0
14977,1.0
3601,-1.0
1144,1.0
13217,-1.0
6302,-1.0
16123,-1.0
14607,1.0
13583,-1.0
752,0.0
11394,1.0
1870,1.0
10919,-1.0
6434,0.0
3093,0.0
82,1.0
7321,1.0
16801,-1.0
10833,0.0
8387,0.0
4866,0.0
6119,0.0
11057,0.0
6472,0.0
4671,0.0
203,-1.0
13434,1.0
9816,0.0
12230,1.0
77,1.0
13081,1.0
10869,1.0
9228,-1.0
8138,0.0
9794,-1.0
3946,0.0
16290,0.0
15638,0.0
14171,0.0
11316,1.0
16298,1.0
2539,0.0
7381,1.0
14883,1.0
10568,0.0
3287,1.0
2216,1.0
7185,-1.0
16079,-1.0
2841,-1.0
13093,-1.0
7330,0.0
329,1.0
4392,0.0
9272,0.0
12280,0.0
843,0.0
3555,1.0
9987,1.0
9176,1.0
4059,0.0
10211,1.0
11201,-1.0
578,0.0
11405,-1.0
11085,0.0
6544,1.0
13526,1.0
5006,0.0
16942,0.0
10381,-1.0
714,0.0
16836,1.0
10690,0.0
5365,1.0
1932,0.0
7790,-1.0
11424,-1.0
6609,0.0
9651,1.0
3858,1.0
1503,1.0
3299,1.0
11110,1.0
13764,1.0
17228,1.0
14939,1.0
2173,1.0
17512,1.0
4760,1.0
3843,-1.0
9936,0.0
13442,1.0
5609,0.0
11939,-1.0
14644,1.0
9122,-1.0
15079,1.0
12602,0.0
12646,1.0
2413,1.0
6190,0.0
2761,-1.0
8241,1.0
10467,-1.0
14710,-1.0
5370,0.0
13981,1.0
14440,1.0
868,1.0
12240,1.0
16988,-1.0
3951,0.0
7736,0.0
8361,0.0
9507,1.0
11027,0.0
6631,0.0
1473,-1.0
3823,1.0
4514,-1.0
5965,0.0
4761,-1.0
10743,0.0
12664,0.0
9193,1.0
5289,0.0
5914,0.0
12139,1.0
14873,0.0
13544,1.0
16848,-1.0
6540,1.0
12215,0.0
7313,1.0
10744,-1.0
11452,-1.0
11602,0.0
7033,0.0
3493,1.0
1976,-1.0
16704,-1.0
3875,0.0
11724,-1.0
2906,-1.0
11079,1.0
14192,1.0
5193,-1.0
7187,1.0
641,1.0
13149,1.0
14543,-1.0
2386,1.0
10337,1.0
7704,1.0
10216,0.0
1794,-1.0
9111,1.0
11381,0.0
2486,-1.0
10119,-1.0
2974,0.0
17235,0.0
8873,0.0
15477,-1.0
15415,1.0
2412,0.0
8779,-1.0
14815,1.0
9698,1.0
5678,1.0
17556,1.0
863,0.0
17037,1.0
14026,1.0
8437,0.0
949,1.0
14249,-1.0
5342,-1.0
13078,1.0
16923,0.0
12058,1.0
4328,0.0
14752,1.0
7119,0.0
7778,0.0
4034,1.0
3979,1.0
11948,0.0
8146,1.0
12457,1.0
15106,0.0
12427,-1.0
10192,0.0
10962,-1.0
6617,0.0
15895,0.0
149,0.0
202,0.0
10055,1.0
1687,1.0
11600,0.0
14792,0.0
9913,0.0
9966,0.0
3317,-1.0
3687,-1.0
1691,1.0
5650,0.0
9412,1.0
15977,-1.0
14954,-1.0
5393,1.0
12125,1.0
5566,1.0
2202,0.0
14125,1.0
1701,0.0
307,-1.0
8949,1.0
3973,1.0
12183,-1.0
1126,1.0
13622,1.0
16545,0.0
7595,1.0
14217,-1.0
14175,1.0
501,-1.0
17410,1.0
7837,0.0
3958,0.0
8548,0.0
14090,1.0
15039,-1.0
9853,1.0
16023,1.0
12269,0.0
11,0.0
13790,0.0
14858,1.0
15460,0.0
13054,1.0
1713,-1.0
7495,1.0
9354,1.0
9809,1.0
4001,-1.0
2134,1.0
13731,1.0
